,pos,seq,score,qq_int_lower,qq_int_upper,stdev,num_taxa,prot_name,inferred
1,1,P,0.08609,0.06403,0.1182,0.04788,2312,hiv1_capsid,0.0103767109626163
2,2,I,0.5613,0.5285,0.5285,0.09501,2313,hiv1_capsid,0.100330820347034
3,3,V,0.5769,0.5285,0.5285,0.1103,2313,hiv1_capsid,0.13576881606966
4,4,Q,0.6597,0.5285,0.8185,0.1452,2313,hiv1_capsid,0.199461035341643
5,5,N,0.1408,0.1182,0.2038,0.04713,2313,hiv1_capsid,0.0353485742373744
6,6,I,7.386,7.42,7.42,0.3781,2312,hiv1_capsid,1.08349884523346
7,7,Q,0.2683,0.2038,0.3339,0.07258,2311,hiv1_capsid,0.0757832672273281
8,8,G,0.06696,0.03153,0.1182,0.0448,2313,hiv1_capsid,0.00863504623776622
9,9,Q,0.4441,0.3339,0.5285,0.0996,2312,hiv1_capsid,0.136355811941833
10,10,M,0.8087,0.8185,0.8185,0.06043,2313,hiv1_capsid,0.154853744445516
11,11,V,1.974,1.963,1.963,0.1183,2313,hiv1_capsid,0.576134338286945
12,12,H,0.6492,0.5285,0.8185,0.1435,2313,hiv1_capsid,0.153257072773956
13,13,Q,0.5029,0.5285,0.5285,0.08161,2312,hiv1_capsid,0.233322622522869
14,14,A,7.42,7.42,7.42,0,2313,hiv1_capsid,2.02927521270059
15,15,I,7.42,7.42,7.42,0,2313,hiv1_capsid,1.85295701807662
16,16,S,0.5624,0.5285,0.5285,0.0943,2313,hiv1_capsid,0.218063586253941
17,17,P,0.4319,0.3339,0.5285,0.1091,2313,hiv1_capsid,0.0554489129363758
18,18,R,0.2916,0.2038,0.3339,0.07301,2313,hiv1_capsid,0.0498292289972468
19,19,T,0.1058,0.06403,0.1182,0.03904,2313,hiv1_capsid,0.0282710716957141
20,20,L,0.09363,0.06403,0.1182,0.05209,2313,hiv1_capsid,0.0161649219019851
21,21,N,0.125,0.1182,0.1182,0.0438,2313,hiv1_capsid,0.0294308194069171
22,22,A,0.09749,0.06403,0.1182,0.0389,2313,hiv1_capsid,0.0216981135063347
23,23,W,0.07573,0.03153,0.1182,0.0682,2312,hiv1_capsid,0.0101049926550662
24,24,V,0.08221,0.06403,0.1182,0.03594,2313,hiv1_capsid,0.0224823480325123
25,25,K,0.113,0.06403,0.1182,0.04945,2313,hiv1_capsid,0.0167921522090278
26,26,V,0.3592,0.3339,0.3339,0.07576,2313,hiv1_capsid,0.0879671717848724
27,27,V,3.24,3.241,3.241,0.0324,2313,hiv1_capsid,0.67332848601737
28,28,E,0.3331,0.3339,0.3339,0.07946,2313,hiv1_capsid,0.056216240506436
29,29,E,0.5375,0.5285,0.5285,0.09164,2313,hiv1_capsid,0.0996865871686251
30,30,K,0.5047,0.5285,0.5285,0.09092,2313,hiv1_capsid,0.0942870453410372
31,31,A,1.932,1.963,1.963,0.1426,2313,hiv1_capsid,0.413732304562195
32,32,F,0.159,0.1182,0.2038,0.06953,2312,hiv1_capsid,0.0183267919757338
33,33,S,0.8461,0.8185,0.8185,0.1069,2313,hiv1_capsid,0.246465032095186
34,34,P,0.08608,0.06403,0.1182,0.04787,2313,hiv1_capsid,0.0138403831451083
35,35,E,0.2534,0.2038,0.3339,0.07381,2312,hiv1_capsid,0.039660908035916
36,36,V,0.7929,0.8185,0.8185,0.08346,2313,hiv1_capsid,0.213599275003899
37,37,I,0.1723,0.1182,0.2038,0.05081,2313,hiv1_capsid,0.032711950529869
38,38,P,0.139,0.1182,0.2038,0.06077,2313,hiv1_capsid,0.0207525262031491
39,39,M,0.1191,0.1182,0.1182,0.04432,2313,hiv1_capsid,0.0150648925245446
40,40,F,0.2218,0.2038,0.3339,0.0825,2313,hiv1_capsid,0.0275228180324911
41,41,S,2.063,1.963,1.963,0.3437,2313,hiv1_capsid,0.874804835182958
42,42,A,0.05044,0.03153,0.06403,0.02805,2313,hiv1_capsid,0.0154334486223154
43,43,L,0.2399,0.2038,0.3339,0.08371,2311,hiv1_capsid,0.0614402698560257
44,44,S,0.6519,0.5285,0.8185,0.1435,2313,hiv1_capsid,0.255939386385296
45,45,E,0.4866,0.5285,0.5285,0.09242,2313,hiv1_capsid,0.0860310684554083
46,46,G,0.06665,0.03153,0.06403,0.0446,2313,hiv1_capsid,0.0059705837714905
47,47,A,0.3716,0.3339,0.3339,0.08262,2313,hiv1_capsid,0.0995621030536608
48,48,T,0.3473,0.3339,0.3339,0.06496,2311,hiv1_capsid,0.0790647363845233
49,49,P,0.219,0.2038,0.2038,0.07651,2313,hiv1_capsid,0.0276822117723747
50,50,Q,1.963,1.963,1.963,0.01832,2313,hiv1_capsid,1.0169677326643
51,51,D,0.07867,0.06403,0.1182,0.03823,2313,hiv1_capsid,0.0173759183834963
52,52,L,0.3352,0.3339,0.3339,0.09863,2313,hiv1_capsid,0.0719985986908922
53,53,N,0.07957,0.06403,0.1182,0.03481,2313,hiv1_capsid,0.0147072952633009
54,54,T,0.8858,0.8185,0.8185,0.1584,2313,hiv1_capsid,0.276154559602344
55,55,M,0.08599,0.06403,0.1182,0.03755,2313,hiv1_capsid,0.0112915252448933
56,56,L,0.2094,0.2038,0.2038,0.07795,2313,hiv1_capsid,0.0466390932747244
57,57,N,0.0642,0.03153,0.06403,0.03123,2313,hiv1_capsid,0.0147048876721464
58,58,T,0.6729,0.5285,0.8185,0.1451,2313,hiv1_capsid,0.14662930867019
59,59,V,0.5604,0.5285,0.5285,0.09458,2312,hiv1_capsid,0.130007367147557
60,60,G,0.03678,0.01355,0.06403,0.03314,2313,hiv1_capsid,0.00286727797452171
61,61,G,0.1852,0.1182,0.2038,0.07421,2313,hiv1_capsid,0.0271902614426856
62,62,H,0.08939,0.06403,0.1182,0.03902,2313,hiv1_capsid,0.0193872454871665
63,63,Q,0.07866,0.06403,0.1182,0.03822,2313,hiv1_capsid,0.0251041301393025
64,64,A,0.09856,0.06403,0.1182,0.03933,2313,hiv1_capsid,0.0216039472162845
65,65,A,0.06614,0.03153,0.06403,0.03218,2312,hiv1_capsid,0.0154482597547113
66,66,M,0.1867,0.1182,0.2038,0.05425,2313,hiv1_capsid,0.0226400932600658
67,67,Q,0.1158,0.06403,0.1182,0.04645,2313,hiv1_capsid,0.0251226769397522
68,68,M,0.5277,0.5285,0.5285,0.06507,2313,hiv1_capsid,0.073596595627992
69,69,L,0.09422,0.06403,0.1182,0.05241,2310,hiv1_capsid,0.0223255049872091
70,70,K,0.2204,0.2038,0.2038,0.06942,2313,hiv1_capsid,0.03362617046328
71,71,E,1.255,1.258,1.258,0.04252,2313,hiv1_capsid,0.253946268919029
72,72,T,0.4614,0.3339,0.5285,0.09352,2313,hiv1_capsid,0.130018635861822
73,73,I,0.04938,0.03153,0.06403,0.02746,2311,hiv1_capsid,0.00929842177507971
74,74,N,0.0339,0.01355,0.03153,0.02269,2312,hiv1_capsid,0.00881826750059342
75,75,E,1.959,1.963,1.963,0.05085,2312,hiv1_capsid,0.311214080163086
76,76,E,0.1281,0.1182,0.1182,0.05145,2313,hiv1_capsid,0.0197977792131688
77,77,A,0.145,0.1182,0.2038,0.04848,2313,hiv1_capsid,0.0340302820657744
78,78,A,0.4922,0.5285,0.5285,0.07973,2313,hiv1_capsid,0.105935933279973
79,79,E,1.966,1.963,1.963,0.06286,2312,hiv1_capsid,0.423147942577577
80,80,W,0.01465,0.0001575,0.01355,0.02997,2311,hiv1_capsid,3.17603086687411e-16
81,81,D,0.07861,0.06403,0.1182,0.0382,2313,hiv1_capsid,0.0115786004079811
82,82,R,0.1567,0.1182,0.2038,0.05464,2313,hiv1_capsid,0.0231726355367351
83,83,V,7.42,7.42,7.42,0,2313,hiv1_capsid,3.03346677133823
84,84,H,0.08946,0.06403,0.1182,0.03905,2313,hiv1_capsid,0.0193327109279163
85,85,P,0.03278,0.01355,0.03153,0.02953,2313,hiv1_capsid,0.00345528864743599
86,86,V,3.241,3.241,3.241,0.00402,2313,hiv1_capsid,0.765705252389849
87,87,H,3.241,3.241,3.241,1.333e-07,2313,hiv1_capsid,1.17915267143352
88,88,A,0.2724,0.2038,0.3339,0.06893,2313,hiv1_capsid,0.0594154394792874
89,89,G,0.06663,0.03153,0.06403,0.04458,2313,hiv1_capsid,0.00574156929640203
90,90,P,0.08601,0.06403,0.1182,0.04783,2312,hiv1_capsid,0.0103756137909631
91,91,I,7.42,7.42,7.42,0,2313,hiv1_capsid,2.19631540943883
92,92,A,1.963,1.963,1.963,0.005473,2313,hiv1_capsid,0.405413960389228
93,93,P,0.6124,0.5285,0.8185,0.1407,2313,hiv1_capsid,0.0868921125540813
94,94,G,0.4615,0.3339,0.5285,0.1161,2313,hiv1_capsid,0.072190937659097
95,95,Q,0.1161,0.06403,0.1182,0.04656,2313,hiv1_capsid,0.0399571607684949
96,96,M,3.241,3.241,3.241,7.065e-07,2313,hiv1_capsid,0.777630503504414
97,97,R,0.0803,0.06403,0.1182,0.03902,2313,hiv1_capsid,0.0116692850088685
98,98,E,1.963,1.963,1.963,0.01129,2312,hiv1_capsid,0.388646982053669
99,99,P,0.0861,0.06403,0.1182,0.04788,2313,hiv1_capsid,0.0103777997520207
100,100,R,0.2317,0.2038,0.3339,0.06773,2313,hiv1_capsid,0.0326235854484535
101,101,G,0.0665,0.03153,0.06403,0.0445,2313,hiv1_capsid,0.00898585812221652
102,102,S,0.1523,0.1182,0.2038,0.04694,2313,hiv1_capsid,0.0353898859485643
103,103,D,0.04161,0.03153,0.06403,0.02785,2313,hiv1_capsid,0.00578925158633845
104,104,I,0.1102,0.06403,0.1182,0.04079,2313,hiv1_capsid,0.0176133310171862
105,105,A,0.144,0.1182,0.2038,0.04816,2313,hiv1_capsid,0.0278218618209656
106,106,G,0.1264,0.06403,0.2038,0.06145,2312,hiv1_capsid,0.011968855484981
107,107,T,0.7025,0.5285,0.8185,0.1422,2313,hiv1_capsid,0.168216601731866
108,108,T,0.1492,0.1182,0.2038,0.04774,2313,hiv1_capsid,0.0314119298923208
109,109,S,0.1374,0.1182,0.2038,0.04409,2313,hiv1_capsid,0.0251838660753572
110,110,T,3.241,3.241,3.241,8.001e-05,2313,hiv1_capsid,0.87908308224959
111,111,L,1.958,1.963,1.963,0.05791,2313,hiv1_capsid,0.259353457293301
112,112,Q,0.6129,0.5285,0.8185,0.1336,2313,hiv1_capsid,0.281529137675256
113,113,E,0.2522,0.2038,0.3339,0.07353,2313,hiv1_capsid,0.0396332039695069
114,114,Q,0.07864,0.06403,0.1182,0.03821,2313,hiv1_capsid,0.0250980331985016
115,115,I,1.855,1.963,1.963,0.2531,2313,hiv1_capsid,0.323323793939694
116,116,G,7.42,7.42,7.42,0,2313,hiv1_capsid,1.36641092464191
117,117,W,0.3856,0.3339,0.5285,0.1544,2311,hiv1_capsid,0.0354260184000625
118,118,M,0.5273,0.5285,0.5285,0.06474,2313,hiv1_capsid,0.0699596177181505
119,119,T,0.1052,0.06403,0.1182,0.0388,2313,hiv1_capsid,0.0219667798419314
120,120,N,7.42,7.42,7.42,0,2313,hiv1_capsid,2.01276231294725
121,121,N,0.4002,0.3339,0.5285,0.09418,2313,hiv1_capsid,0.0930256472153787
122,122,P,0.408,0.3339,0.5285,0.1076,2313,hiv1_capsid,0.0730806607419288
123,123,P,1.964,1.963,1.963,0.04192,2313,hiv1_capsid,0.342311391211338
124,124,I,1.963,1.963,1.963,0.0172,2313,hiv1_capsid,0.655633283385123
125,125,P,0.1921,0.1182,0.2038,0.07146,2313,hiv1_capsid,0.0242369743047474
126,126,V,0.01929,0.004747,0.03153,0.0174,2312,hiv1_capsid,0.00320995495019083
127,127,G,0.1266,0.06403,0.2038,0.06153,2313,hiv1_capsid,0.0119712602350037
128,128,E,3.241,3.241,3.241,0.0001052,2313,hiv1_capsid,0.772716370759614
129,129,I,0.2478,0.2038,0.3339,0.06632,2313,hiv1_capsid,0.0494600502674836
130,130,Y,0.07127,0.03153,0.1182,0.04769,2313,hiv1_capsid,0.00787087434346581
131,131,K,0.5208,0.5285,0.5285,0.0902,2313,hiv1_capsid,0.0739458618533392
132,132,R,0.6574,0.5285,0.8185,0.145,2313,hiv1_capsid,0.131595206073928
133,133,W,0.1374,0.06403,0.2038,0.09193,2310,hiv1_capsid,0.0101192396952224
134,134,I,0.1106,0.06403,0.1182,0.04093,2313,hiv1_capsid,0.0152153014851474
135,135,I,0.789,0.8185,0.8185,0.08853,2313,hiv1_capsid,0.169566061519896
136,136,L,2.084,1.963,1.963,0.3747,2313,hiv1_capsid,0.554855512939628
137,137,G,0.0967,0.06403,0.1182,0.05379,2312,hiv1_capsid,0.00887110523190622
138,138,L,0.09362,0.06403,0.1182,0.05208,2313,hiv1_capsid,0.0166356474771277
139,139,N,0.1715,0.1182,0.2038,0.05063,2313,hiv1_capsid,0.0324032587549924
140,140,K,0.1343,0.1182,0.2038,0.05388,2313,hiv1_capsid,0.0201751136121168
141,141,I,0.2182,0.2038,0.2038,0.0581,2313,hiv1_capsid,0.037911690127073
142,142,V,0.03501,0.01355,0.06403,0.02343,2312,hiv1_capsid,0.00966238859924983
143,143,R,0.344,0.3339,0.3339,0.07768,2313,hiv1_capsid,0.051200835258602
144,144,M,0.05304,0.03153,0.06403,0.0295,2313,hiv1_capsid,0.00563981688607572
145,145,Y,0.07123,0.03153,0.1182,0.04767,2313,hiv1_capsid,0.00786785050606075
146,146,S,0.3471,0.3339,0.3339,0.0612,2313,hiv1_capsid,0.0789376565401047
147,147,P,0.03276,0.01355,0.03153,0.02952,2313,hiv1_capsid,0.00345501303324529
148,148,T,3.241,3.241,3.241,0.00259,2313,hiv1_capsid,0.879614099026343
149,149,S,0.524,0.5285,0.5285,0.04759,2313,hiv1_capsid,0.132603615647306
150,150,I,0.04927,0.03153,0.06403,0.0274,2313,hiv1_capsid,0.0092600041047712
151,151,L,0.0357,0.01355,0.06403,0.03217,2313,hiv1_capsid,0.00518723743456966
152,152,D,0.2269,0.2038,0.2038,0.0661,2313,hiv1_capsid,0.0347830186974954
153,153,I,0.2306,0.2038,0.2038,0.06171,2313,hiv1_capsid,0.0353783551650351
154,154,R,7.42,7.42,7.42,2.529e-07,2313,hiv1_capsid,1.13734071267491
155,155,Q,0.004444,0.0001575,0.004747,0.009048,2313,hiv1_capsid,5.11495607773734e-17
156,156,G,0.1264,0.06403,0.2038,0.06146,2313,hiv1_capsid,0.0116729622185273
157,157,P,0.03278,0.01355,0.03153,0.02954,2313,hiv1_capsid,0.00345560018320656
158,158,K,0.04809,0.03153,0.06403,0.03218,2313,hiv1_capsid,0.00671019031255794
159,159,E,0.08697,0.06403,0.1182,0.04226,2313,hiv1_capsid,0.0131934912328333
160,160,P,0.7111,0.5285,0.8185,0.1449,2313,hiv1_capsid,0.100721428767785
161,161,F,0.06773,0.03153,0.1182,0.04532,2312,hiv1_capsid,0.00610182321438563
162,162,R,0.118,0.06403,0.1182,0.04734,2313,hiv1_capsid,0.0176239207585651
163,163,D,0.3532,0.3339,0.3339,0.07985,2313,hiv1_capsid,0.0551320462479027
164,164,Y,0.135,0.1182,0.2038,0.06562,2313,hiv1_capsid,0.0157378231790376
165,165,V,0.05052,0.03153,0.06403,0.0281,2313,hiv1_capsid,0.00962181178467948
166,166,D,0.0973,0.06403,0.1182,0.0425,2313,hiv1_capsid,0.0144767766612416
167,167,R,0.0801,0.06403,0.1182,0.03892,2313,hiv1_capsid,0.0127391083105007
168,168,F,0.06775,0.03153,0.1182,0.04534,2313,hiv1_capsid,0.00610173359390076
169,169,Y,0.2877,0.2038,0.3339,0.09435,2313,hiv1_capsid,0.0310126904257817
170,170,K,0.7999,0.8185,0.8185,0.08906,2313,hiv1_capsid,0.145380698957547
171,171,T,1.997,1.963,1.963,0.2073,2313,hiv1_capsid,0.867776541420813
172,172,L,0.2371,0.2038,0.3339,0.08275,2313,hiv1_capsid,0.0391477313994125
173,173,R,0.0422,0.03153,0.06403,0.02824,2313,hiv1_capsid,0.00587275550880766
174,174,A,0.0348,0.01355,0.03153,0.02329,2313,hiv1_capsid,0.00925337528279096
175,175,E,0.087,0.06403,0.1182,0.04228,2313,hiv1_capsid,0.0164950327737148
176,176,Q,0.004444,0.0001575,0.004747,0.009048,2313,hiv1_capsid,9.55584817623797e-17
177,177,A,0.8013,0.8185,0.8185,0.0706,2313,hiv1_capsid,0.233742209897385
178,178,S,1.963,1.963,1.963,0.002732,2313,hiv1_capsid,0.698841785737983
179,179,Q,0.1904,0.1182,0.2038,0.05869,2312,hiv1_capsid,0.060381422390351
180,180,E,3.819,3.241,3.241,1.443,2313,hiv1_capsid,1.12970382672147
181,181,V,0.06625,0.03153,0.06403,0.03224,2313,hiv1_capsid,0.0128340881349863
182,182,K,0.1134,0.06403,0.1182,0.04963,2312,hiv1_capsid,0.0201800986666424
183,183,N,1.963,1.963,1.963,0.003326,2308,hiv1_capsid,0.600859647022689
184,184,W,0.26,0.2038,0.3339,0.1263,2312,hiv1_capsid,0.0202294033210113
185,185,M,0.1353,0.1182,0.2038,0.04761,2313,hiv1_capsid,0.0150590266622586
186,186,T,0.0908,0.06403,0.1182,0.03628,2313,hiv1_capsid,0.018821626882155
187,187,E,3.24,3.241,3.241,0.03125,2313,hiv1_capsid,0.546785472186952
188,188,T,0.134,0.1182,0.1182,0.04483,2313,hiv1_capsid,0.0282646924582254
189,189,L,0.0936,0.06403,0.1182,0.05207,2313,hiv1_capsid,0.0154836393411846
190,190,L,0.2675,0.2038,0.3339,0.08785,2313,hiv1_capsid,0.0413209912813194
191,191,V,1.258,1.258,1.258,0.01859,2313,hiv1_capsid,0.303166530844921
192,192,Q,0.02288,0.004747,0.03153,0.02063,2313,hiv1_capsid,0.0050161419651514
193,193,N,0.03383,0.01355,0.03153,0.02264,2313,hiv1_capsid,0.00587615449665735
194,194,A,1.245,1.258,1.258,0.07507,2313,hiv1_capsid,0.286625001111287
195,195,N,0.06413,0.03153,0.06403,0.0312,2313,hiv1_capsid,0.0117538663095224
196,196,P,0.03276,0.01355,0.03153,0.02952,2313,hiv1_capsid,0.00345503664024346
197,197,D,0.06001,0.03153,0.06403,0.03338,2313,hiv1_capsid,0.00867938600246882
198,198,C,0.07622,0.03153,0.1182,0.051,2313,hiv1_capsid,0.00607956245956883
199,199,K,1.192,1.258,1.258,0.1579,2313,hiv1_capsid,0.186463624039757
200,200,T,2.118,1.963,1.963,0.4176,2313,hiv1_capsid,0.665775472678588
201,201,I,0.1878,0.1182,0.2038,0.0517,2312,hiv1_capsid,0.0372431637265919
202,202,L,0.006909,0.0001575,0.004747,0.0141,2313,hiv1_capsid,9.68232478320427e-17
203,203,K,3.234,3.241,3.241,0.09275,2311,hiv1_capsid,0.54408600251434
204,204,A,1.224,1.258,1.258,0.1181,2313,hiv1_capsid,0.279116747384287
205,205,L,0.4998,0.5285,0.5285,0.115,2313,hiv1_capsid,0.0985075582636884
206,206,G,0.09655,0.06403,0.1182,0.0537,2313,hiv1_capsid,0.00895472221960459
207,207,P,7.42,7.42,7.42,0.0004975,2312,hiv1_capsid,1.04037660201087
208,208,A,3.241,3.241,3.241,1.578e-06,2312,hiv1_capsid,0.549570527105793
209,209,A,0.1911,0.2038,0.2038,0.05263,2313,hiv1_capsid,0.043320735285286
210,210,T,3.241,3.241,3.241,0.002955,2313,hiv1_capsid,0.729182447123892
211,211,L,0.4705,0.3339,0.5285,0.1137,2313,hiv1_capsid,0.0860631668991427
212,212,E,0.1077,0.06403,0.1182,0.0471,2313,hiv1_capsid,0.0165024135496599
213,213,E,0.2947,0.2038,0.3339,0.07618,2313,hiv1_capsid,0.0495585286303646
214,214,M,0.1355,0.1182,0.2038,0.04768,2313,hiv1_capsid,0.0190545178998408
215,215,M,0.1865,0.1182,0.2038,0.0542,2312,hiv1_capsid,0.022794899551788
216,216,T,0.528,0.5285,0.5285,0.0542,2313,hiv1_capsid,0.129998686045804
217,217,A,0.1438,0.1182,0.2038,0.0481,2313,hiv1_capsid,0.0278174182969805
218,218,C,0.179,0.1182,0.2038,0.07824,2313,hiv1_capsid,0.0152170789378802
219,219,Q,0.07866,0.06403,0.1182,0.03822,2313,hiv1_capsid,0.0200781617903882
220,220,G,0.0965,0.06403,0.1182,0.05368,2313,hiv1_capsid,0.00898050160426795
221,221,V,0.03492,0.01355,0.06403,0.02337,2313,hiv1_capsid,0.00641058761579898
222,222,G,0.09647,0.06403,0.1182,0.05366,2313,hiv1_capsid,0.00889752264646598
223,223,G,0.1265,0.06403,0.2038,0.0615,2313,hiv1_capsid,0.0119921139087356
224,224,P,0.1392,0.1182,0.2038,0.06088,2313,hiv1_capsid,0.0207527339094332
225,225,G,7.42,7.42,7.42,0,2313,hiv1_capsid,1.339303127079
226,226,H,0.07245,0.06403,0.1182,0.03522,2313,hiv1_capsid,0.0260511675426228
227,227,K,0.156,0.1182,0.2038,0.05797,2313,hiv1_capsid,0.0268760765006441
228,228,A,0.08163,0.06403,0.1182,0.03569,2311,hiv1_capsid,0.0185422015144663
229,229,R,0.4727,0.3339,0.5285,0.09379,2312,hiv1_capsid,0.0704384968979336
230,230,V,1.258,1.258,1.258,0.01805,2313,hiv1_capsid,0.353542354396428
231,231,L,0.09365,0.06403,0.1182,0.0521,2312,hiv1_capsid,0.0156314774519851
232,1,M,0.1152,0.1221,0.1221,0.02137,1337,hiv1_gp120,0.0448562285439412
233,2,R,1.229,1.072,1.465,0.1923,1337,hiv1_gp120,0.654734297526206
234,3,V,0.5716,0.5738,0.5738,0.0202,1337,hiv1_gp120,0.358807697375315
235,4,K,3.012,3.012,3.012,0.006258,1337,hiv1_gp120,1.16673689552804
236,5,E,2.043,2.042,2.042,0.02772,1336,hiv1_gp120,0.690880069288261
237,6,K,1.467,1.465,1.465,0.03275,1335,hiv1_gp120,0.750671566019317
238,7,Y,5.907,5.907,5.907,0,1335,hiv1_gp120,1.62427597108033
239,8,Q,1.072,1.072,1.072,0.009985,1316,hiv1_gp120,0.690297918919644
240,9,H,2.042,2.042,2.042,0.0004274,1317,hiv1_gp120,1.34051436637462
241,10,L,4.969,3.012,5.907,1.396,38,hiv1_gp120,1.87078966264191
242,11,W,5.813,5.907,5.907,0.5203,25,hiv1_gp120,5.24490204822291
243,12,R,5.9,5.907,5.907,0.1457,28,hiv1_gp120,5.64753494584901
244,13,W,5.907,5.907,5.907,3.216e-05,77,hiv1_gp120,7.15263672096704
245,14,G,2.784,3.012,3.012,0.4117,1312,hiv1_gp120,0.944008807615321
246,15,W,1.097,1.072,1.072,0.1267,1321,hiv1_gp120,0.218737002859929
247,16,R,2.042,2.042,2.042,9.579e-05,1329,hiv1_gp120,1.17299590651721
248,17,W,1.837,1.465,2.042,0.2761,1332,hiv1_gp120,0.492271360962987
249,18,G,0.5586,0.5738,0.5738,0.05857,1336,hiv1_gp120,0.195437887986233
250,19,T,2.041,2.042,2.042,0.02143,1334,hiv1_gp120,1.23382958502317
251,20,M,1.426,1.465,1.465,0.1172,1333,hiv1_gp120,0.628448111318433
252,21,L,0.5548,0.5738,0.5738,0.05759,1336,hiv1_gp120,0.185126286293051
253,22,L,0.569,0.5738,0.5738,0.05409,1336,hiv1_gp120,0.210422785625813
254,23,G,0.4663,0.411,0.5738,0.08158,1334,hiv1_gp120,0.162173503243265
255,24,M,1.476,1.465,1.465,0.07809,1324,hiv1_gp120,0.787629584368211
256,25,L,1.075,1.072,1.072,0.0333,1306,hiv1_gp120,0.626352322384098
257,26,M,0.7736,0.7871,0.7871,0.05195,1315,hiv1_gp120,0.322761324983826
258,27,I,0.8249,0.7871,0.7871,0.09666,1331,hiv1_gp120,0.579014139879008
259,28,C,2.022,2.042,2.042,0.1042,1335,hiv1_gp120,0.560894518067065
260,29,S,1.464,1.465,1.465,0.01604,1336,hiv1_gp120,0.857344956924416
261,30,A,1.255,1.072,1.465,0.1959,1323,hiv1_gp120,0.785987353667746
262,31,T,3.012,3.012,3.012,0,1320,hiv1_gp120,2.31826111662715
263,32,E,3.012,3.012,3.012,0,1331,hiv1_gp120,1.44460664931095
264,33,K,3.012,3.012,3.012,4.716e-06,1232,hiv1_gp120,1.96809315297185
265,34,L,1.464,1.465,1.465,0.01763,1336,hiv1_gp120,0.835887693586209
266,35,W,0.0468,0.03683,0.07138,0.03038,1334,hiv1_gp120,0.00825010571616444
267,36,V,0.02162,0.01538,0.03683,0.01077,1337,hiv1_gp120,0.0125544706642101
268,37,T,0.01999,0.01538,0.01538,0.009894,1337,hiv1_gp120,0.0135520525490758
269,38,V,0.1252,0.1221,0.1221,0.02015,1337,hiv1_gp120,0.0756358924494083
270,39,Y,0.1057,0.07138,0.1221,0.03279,1336,hiv1_gp120,0.0372679485660912
271,40,Y,0.02423,0.01538,0.03683,0.01575,1336,hiv1_gp120,0.014917042145408
272,41,G,0.02271,0.01538,0.03683,0.01477,1336,hiv1_gp120,0.00864553370395371
273,42,V,0.03234,0.01538,0.03683,0.0122,1336,hiv1_gp120,0.0188453826133612
274,43,P,0.02016,0.01538,0.03683,0.01312,1336,hiv1_gp120,0.00623862724356177
275,44,V,0.05796,0.03683,0.07138,0.01802,1336,hiv1_gp120,0.0349200901401048
276,45,W,0.106,0.07138,0.1221,0.04571,1334,hiv1_gp120,0.0206467357252869
277,46,K,1.465,1.465,1.465,0.01068,1336,hiv1_gp120,0.80042160646258
278,47,E,0.7888,0.7871,0.7871,0.0261,1335,hiv1_gp120,0.374706983129885
279,48,A,0.1189,0.1221,0.1221,0.01898,1335,hiv1_gp120,0.0700030338975815
280,49,T,1.465,1.465,1.465,0.00154,1335,hiv1_gp120,1.05168571099524
281,50,T,0.4556,0.411,0.5738,0.07264,1335,hiv1_gp120,0.340576268569168
282,51,T,0.2255,0.1924,0.2868,0.04514,1337,hiv1_gp120,0.18290123750102
283,52,L,0.03125,0.01538,0.03683,0.01702,1336,hiv1_gp120,0.0184160651266434
284,53,F,0.05234,0.03683,0.07138,0.02263,1337,hiv1_gp120,0.0172712820538221
285,54,C,0.01491,0.004221,0.01538,0.01281,1337,hiv1_gp120,0.00302920545464594
286,55,A,0.03675,0.03683,0.03683,0.01245,1336,hiv1_gp120,0.0212070516415
287,56,S,0.01456,0.01538,0.01538,0.007498,1337,hiv1_gp120,0.0183111115010897
288,57,D,0.4187,0.411,0.411,0.03699,1337,hiv1_gp120,0.19390008452745
289,58,A,0.04576,0.03683,0.07138,0.01609,1335,hiv1_gp120,0.0303805870273629
290,59,K,0.4089,0.411,0.411,0.03419,1333,hiv1_gp120,0.201189264587932
291,60,A,0.7854,0.7871,0.7871,0.01932,1337,hiv1_gp120,0.471266114657483
292,61,Y,0.5932,0.5738,0.5738,0.07107,1337,hiv1_gp120,0.273432918266708
293,62,D,3.012,3.012,3.012,0.01535,1337,hiv1_gp120,1.34472315981653
294,63,T,2.042,2.042,2.042,0.01002,1337,hiv1_gp120,1.25943295392453
295,64,E,0.01553,0.004221,0.01538,0.01008,1337,hiv1_gp120,0.00597453832319948
296,65,V,1.465,1.465,1.465,0.008314,1337,hiv1_gp120,1.15268312814288
297,66,H,0.007392,0.004221,0.01538,0.006401,1337,hiv1_gp120,0.00533928839710804
298,67,N,0.0261,0.01538,0.03683,0.01176,1337,hiv1_gp120,0.0143418847830175
299,68,V,0.4442,0.411,0.411,0.06569,1337,hiv1_gp120,0.278644766751993
300,69,W,0.007736,0.0003737,0.01538,0.01221,1335,hiv1_gp120,3.17603086687411e-16
301,70,A,0.006716,0.004221,0.01538,0.005836,1337,hiv1_gp120,0.00302426070175207
302,71,T,0.01999,0.01538,0.01538,0.009894,1337,hiv1_gp120,0.0135621452017087
303,72,H,0.1417,0.1221,0.1924,0.03221,1337,hiv1_gp120,0.0700952842471086
304,73,A,0.0167,0.01538,0.01538,0.008943,1337,hiv1_gp120,0.00907729964465276
305,74,C,0.0259,0.01538,0.03683,0.01683,1337,hiv1_gp120,0.00605919391235704
306,75,V,0.01678,0.01538,0.01538,0.009002,1337,hiv1_gp120,0.00940893296430905
307,76,P,0.01158,0.004221,0.01538,0.009958,1337,hiv1_gp120,0.00311563706042586
308,77,T,0.05304,0.03683,0.07138,0.01776,1337,hiv1_gp120,0.0372813710582101
309,78,D,0.09059,0.07138,0.1221,0.02562,1337,hiv1_gp120,0.0391221557556961
310,79,P,0.003417,0.0003737,0.004221,0.005279,1337,hiv1_gp120,9.55584817623797e-17
311,80,N,1.072,1.072,1.072,0.006185,1337,hiv1_gp120,0.641386504083124
312,81,P,0.02014,0.01538,0.03683,0.01311,1337,hiv1_gp120,0.00623553408585771
313,82,Q,0.42,0.411,0.411,0.03919,1337,hiv1_gp120,0.314335272883342
314,83,E,0.07447,0.07138,0.07138,0.0212,1337,hiv1_gp120,0.032949105791816
315,84,V,2.93,3.012,3.012,0.2701,1337,hiv1_gp120,1.39744215695722
316,85,V,5.898,5.907,5.907,0.1657,1336,hiv1_gp120,2.70285293554961
317,86,L,0.7796,0.7871,0.7871,0.04917,1334,hiv1_gp120,0.364385308413635
318,87,V,5.907,5.907,5.907,0,1319,hiv1_gp120,2.14811078298097
319,88,N,0.05577,0.03683,0.07138,0.01799,1337,hiv1_gp120,0.0375299912361233
320,89,V,0.133,0.1221,0.1221,0.0266,1337,hiv1_gp120,0.0862153938400213
321,90,T,0.07815,0.07138,0.07138,0.01875,1337,hiv1_gp120,0.0612478587337569
322,91,E,0.0482,0.03683,0.07138,0.0183,1337,hiv1_gp120,0.0209306110617931
323,92,N,1.465,1.465,1.465,0.002261,1337,hiv1_gp120,0.978859162748355
324,93,F,0.08116,0.07138,0.1221,0.02812,1337,hiv1_gp120,0.0230513149137943
325,94,N,0.313,0.2868,0.2868,0.05079,1337,hiv1_gp120,0.211684808521338
326,95,M,0.3,0.2868,0.2868,0.03909,1337,hiv1_gp120,0.175532991565317
327,96,W,0.3231,0.2868,0.411,0.07994,1334,hiv1_gp120,0.0745125341583685
328,97,K,0.8248,0.7871,0.7871,0.09673,1336,hiv1_gp120,0.439527167364153
329,98,N,0.04001,0.03683,0.03683,0.01325,1337,hiv1_gp120,0.0258314508169159
330,99,D,1.348,1.072,1.465,0.1797,1337,hiv1_gp120,0.709785632813297
331,100,M,0.02839,0.01538,0.03683,0.01236,1337,hiv1_gp120,0.0106134990512755
332,101,V,0.1445,0.1221,0.1924,0.0331,1337,hiv1_gp120,0.0913978585792941
333,102,E,1.061,1.072,1.072,0.05486,1337,hiv1_gp120,0.463096312735674
334,103,Q,0.01993,0.01538,0.03683,0.01095,1337,hiv1_gp120,0.0112421495959222
335,104,M,0.0176,0.01538,0.01538,0.009537,1337,hiv1_gp120,0.00636660923731547
336,105,H,0.5917,0.5738,0.5738,0.05935,1337,hiv1_gp120,0.312277736919037
337,106,E,0.5076,0.411,0.5738,0.08004,1337,hiv1_gp120,0.262308974275637
338,107,D,0.04338,0.03683,0.03683,0.01619,1337,hiv1_gp120,0.0182335967297209
339,108,I,0.5802,0.5738,0.5738,0.03679,1337,hiv1_gp120,0.389184334482534
340,109,I,0.09478,0.07138,0.1221,0.02566,1337,hiv1_gp120,0.0622402154773276
341,110,S,0.1939,0.1924,0.1924,0.0169,1337,hiv1_gp120,0.141145186152886
342,111,L,0.3067,0.2868,0.2868,0.05337,1337,hiv1_gp120,0.171886238091246
343,112,W,0.06704,0.03683,0.07138,0.03649,1333,hiv1_gp120,0.0165198553121048
344,113,D,0.1589,0.1221,0.1924,0.03584,1337,hiv1_gp120,0.0733701605497428
345,114,Q,0.7876,0.7871,0.7871,0.01723,1336,hiv1_gp120,0.502824570158415
346,115,S,0.1298,0.1221,0.1221,0.02284,1337,hiv1_gp120,0.0998780429677792
347,116,L,0.09666,0.07138,0.1221,0.03039,1336,hiv1_gp120,0.0502753108924391
348,117,K,0.1951,0.1924,0.1924,0.03152,1337,hiv1_gp120,0.0945399482651551
349,118,P,0.02014,0.01538,0.03683,0.0131,1337,hiv1_gp120,0.0062331742269384
350,119,C,0.05866,0.03683,0.07138,0.0253,1337,hiv1_gp120,0.0164830754954837
351,120,V,0.04595,0.03683,0.07138,0.01618,1337,hiv1_gp120,0.0282544294758771
352,121,K,0.6007,0.5738,0.5738,0.07136,1337,hiv1_gp120,0.308554211540938
353,122,L,0.1979,0.1924,0.1924,0.04122,1337,hiv1_gp120,0.11370441053192
354,123,T,0.05297,0.03683,0.07138,0.01775,1336,hiv1_gp120,0.0373469312587856
355,124,P,0.06287,0.03683,0.07138,0.023,1337,hiv1_gp120,0.021946692550085
356,125,L,0.2167,0.1924,0.2868,0.04662,1337,hiv1_gp120,0.0785950499659162
357,126,C,0.03683,0.01538,0.03683,0.02005,1337,hiv1_gp120,0.00909094849506333
358,127,V,0.1522,0.1221,0.1924,0.03503,1337,hiv1_gp120,0.0947428682312922
359,128,S,0.2027,0.1924,0.1924,0.03007,1337,hiv1_gp120,0.163374151531892
360,129,L,0.08716,0.07138,0.1221,0.02879,1337,hiv1_gp120,0.0563757683130062
361,130,K,2.042,2.042,2.042,8.577e-05,1337,hiv1_gp120,1.36620445096766
362,131,C,0.04796,0.03683,0.07138,0.02294,1337,hiv1_gp120,0.0182071666089008
363,132,T,2.042,2.042,2.042,1.706e-05,1336,hiv1_gp120,1.76858798580053
364,133,D,3.012,3.012,3.012,1.247e-05,1336,hiv1_gp120,1.60179034215445
365,134,L,5.907,5.907,5.907,0,1336,hiv1_gp120,4.9325597470286
366,135,K,5.907,5.907,5.907,0,1334,hiv1_gp120,5.15917708576051
367,136,N,5.907,5.907,5.907,0,1334,hiv1_gp120,6.88286901337003
368,137,D,5.907,5.907,5.907,0,1331,hiv1_gp120,3.73724887189234
369,138,T,5.907,5.907,5.907,0,1320,hiv1_gp120,4.9875669861293
370,139,N,5.907,5.907,5.907,0,1311,hiv1_gp120,4.40224612178966
371,140,T,5.907,5.907,5.907,0,1293,hiv1_gp120,5.19451834080772
372,141,N,5.907,5.907,5.907,0,1268,hiv1_gp120,5.27425258825906
373,142,S,5.907,5.907,5.907,0,1237,hiv1_gp120,4.9466115683652
374,143,S,5.907,5.907,5.907,0,1201,hiv1_gp120,5.33219908286508
375,144,S,5.907,5.907,5.907,0,1152,hiv1_gp120,5.90453022995056
376,145,G,5.907,5.907,5.907,0,763,hiv1_gp120,4.44374320538551
377,146,R,5.907,5.907,5.907,0,846,hiv1_gp120,7.00785968046105
378,147,M,5.907,5.907,5.907,0,939,hiv1_gp120,6.14900543169093
379,148,I,5.907,5.907,5.907,0,1018,hiv1_gp120,7.91642579553814
380,149,M,5.907,5.907,5.907,0,1092,hiv1_gp120,4.638313052525
381,150,E,5.907,5.907,5.907,0,1321,hiv1_gp120,4.36615074439157
382,151,K,5.907,5.907,5.907,0,1323,hiv1_gp120,6.33532534966181
383,152,G,5.907,5.907,5.907,0,1330,hiv1_gp120,2.86028906303276
384,153,E,2,2.042,2.042,0.1505,1337,hiv1_gp120,0.93854580270817
385,154,I,3.01,3.012,3.012,0.04276,1337,hiv1_gp120,1.34001511002736
386,155,K,1.47,1.465,1.465,0.05109,1337,hiv1_gp120,0.864232960854701
387,156,N,0.2863,0.2868,0.2868,0.01942,1337,hiv1_gp120,0.20754792503378
388,157,C,0.04808,0.03683,0.07138,0.023,1337,hiv1_gp120,0.0196386529359491
389,158,S,0.2833,0.2868,0.2868,0.01952,1336,hiv1_gp120,0.224758725378253
390,159,F,0.2401,0.1924,0.2868,0.05113,1336,hiv1_gp120,0.0668558549589942
391,160,N,0.5736,0.5738,0.5738,0.01398,1337,hiv1_gp120,0.398034103711644
392,161,I,3.012,3.012,3.012,0.0009547,1336,hiv1_gp120,1.75751622026009
393,162,S,0.3098,0.2868,0.2868,0.04836,1333,hiv1_gp120,0.26362859864951
394,163,T,0.4214,0.411,0.411,0.04,1330,hiv1_gp120,0.367358272098938
395,164,S,3.012,3.012,3.012,0.0002333,1328,hiv1_gp120,1.65370881908658
396,165,I,3.011,3.012,3.012,0.03999,1333,hiv1_gp120,1.51265317244975
397,166,R,2.042,2.042,2.042,0.01246,1331,hiv1_gp120,1.34626539493666
398,167,G,0.9623,0.7871,1.072,0.1388,1334,hiv1_gp120,0.457361682647694
399,168,K,1.082,1.072,1.072,0.06189,1334,hiv1_gp120,0.58219636314828
400,169,V,3.169,3.012,3.012,0.6543,1334,hiv1_gp120,2.39941574924943
401,170,Q,3.012,3.012,3.012,0,1273,hiv1_gp120,2.08025773688478
402,171,K,3.012,3.012,3.012,9.852e-06,1337,hiv1_gp120,1.61188724347741
403,172,E,2.052,2.042,2.042,0.1004,1337,hiv1_gp120,1.26161836887459
404,173,Y,3.012,3.012,3.012,3.72e-05,1334,hiv1_gp120,1.37127619369431
405,174,A,0.1915,0.1924,0.1924,0.01973,1336,hiv1_gp120,0.126052599208511
406,175,F,1.459,1.465,1.465,0.0461,1333,hiv1_gp120,0.711133603458304
407,176,F,0.3932,0.411,0.411,0.05611,1337,hiv1_gp120,0.1257021248415
408,177,Y,1.062,1.072,1.072,0.05598,1337,hiv1_gp120,0.397066691524085
409,178,K,3.012,3.012,3.012,0,1337,hiv1_gp120,1.93606703330935
410,179,L,3.012,3.012,3.012,0.01618,1337,hiv1_gp120,1.15392958903634
411,180,D,0.06856,0.07138,0.07138,0.01875,1337,hiv1_gp120,0.0366547633891328
412,181,I,2.042,2.042,2.042,0.0003604,1336,hiv1_gp120,1.24211956190345
413,182,I,1.176,1.072,1.465,0.1733,1336,hiv1_gp120,0.881209252257687
414,183,P,3.012,3.012,3.012,2.827e-07,1336,hiv1_gp120,1.43922901234397
415,184,I,1.459,1.465,1.465,0.04607,1337,hiv1_gp120,0.73497197766726
416,185,D,3.395,3.012,3.012,0.9807,1337,hiv1_gp120,2.28156448793401
417,186,N,5.907,5.907,5.907,0,1337,hiv1_gp120,3.2373425019711
418,187,D,5.907,5.907,5.907,0,1335,hiv1_gp120,3.42898934188338
419,188,T,3.013,3.012,3.012,0.02738,1267,hiv1_gp120,3.16426779314327
420,189,T,4.551,3.012,5.907,1.445,1232,hiv1_gp120,3.76025178908579
421,190,S,3.012,3.012,3.012,1.329e-06,1331,hiv1_gp120,2.33104900044748
422,191,Y,0.2734,0.2868,0.2868,0.05046,1332,hiv1_gp120,0.109714277260169
423,192,K,1.072,1.072,1.072,0.009086,1334,hiv1_gp120,0.551173531435044
424,193,L,0.2915,0.2868,0.2868,0.04776,1334,hiv1_gp120,0.15685709769861
425,194,T,0.7869,0.7871,0.7871,0.01034,1333,hiv1_gp120,0.464352905833084
426,195,S,1.072,1.072,1.072,0.003431,1335,hiv1_gp120,0.703210719271557
427,196,C,0.06989,0.03683,0.07138,0.02763,1334,hiv1_gp120,0.018249336633048
428,197,N,0.1131,0.1221,0.1221,0.02146,1334,hiv1_gp120,0.0721563802326277
429,198,T,0.409,0.411,0.411,0.01846,1335,hiv1_gp120,0.279424226885059
430,199,S,0.1181,0.1221,0.1221,0.0168,1336,hiv1_gp120,0.125522404960513
431,200,V,1.462,1.465,1.465,0.03594,1336,hiv1_gp120,1.09895007283703
432,201,I,0.8217,0.7871,0.7871,0.09314,1335,hiv1_gp120,0.535314557723062
433,202,T,0.4245,0.411,0.411,0.0451,1336,hiv1_gp120,0.315697008270995
434,203,Q,0.09826,0.07138,0.1221,0.02648,1336,hiv1_gp120,0.0639578160471953
435,204,A,0.184,0.1924,0.1924,0.02512,1336,hiv1_gp120,0.103999248086538
436,205,C,0.05887,0.03683,0.07138,0.02539,1335,hiv1_gp120,0.01518632386888
437,206,P,0.05427,0.03683,0.07138,0.02162,1335,hiv1_gp120,0.0187550662299137
438,207,K,0.06511,0.03683,0.07138,0.02062,1335,hiv1_gp120,0.0359099698264778
439,208,V,1.075,1.072,1.072,0.03271,1334,hiv1_gp120,0.751996896282958
440,209,S,1.151,1.072,1.072,0.1573,1335,hiv1_gp120,1.14397799281256
441,210,F,0.1411,0.1221,0.1924,0.0378,1334,hiv1_gp120,0.0523374511061444
442,211,E,0.5749,0.5738,0.5738,0.02771,1335,hiv1_gp120,0.271954277624318
443,212,P,0.03725,0.03683,0.03683,0.01776,1334,hiv1_gp120,0.0125088642031098
444,213,I,0.03623,0.03683,0.03683,0.01218,1335,hiv1_gp120,0.0260287154999876
445,214,P,0.04569,0.03683,0.07138,0.01978,1335,hiv1_gp120,0.0156129336443302
446,215,I,0.07077,0.07138,0.07138,0.0156,1335,hiv1_gp120,0.0402178962054234
447,216,H,0.08852,0.07138,0.1221,0.02476,1335,hiv1_gp120,0.0429385460266917
448,217,Y,0.3914,0.411,0.411,0.05859,1335,hiv1_gp120,0.158296344070111
449,218,C,0.03693,0.01538,0.03683,0.0201,1335,hiv1_gp120,0.0091065399610688
450,219,A,0.7854,0.7871,0.7871,0.01935,1334,hiv1_gp120,0.461715555379032
451,220,P,0.02872,0.01538,0.03683,0.01564,1335,hiv1_gp120,0.00936922201772646
452,221,A,0.03682,0.03683,0.03683,0.01248,1335,hiv1_gp120,0.0212364923533011
453,222,G,0.07047,0.07138,0.07138,0.0258,1335,hiv1_gp120,0.0201893626501553
454,223,F,0.7742,0.7871,0.7871,0.0592,1335,hiv1_gp120,0.242491537857138
455,224,A,0.05756,0.03683,0.07138,0.01802,1335,hiv1_gp120,0.0333793475632864
456,225,I,0.3912,0.411,0.411,0.04568,1335,hiv1_gp120,0.252644071998919
457,226,L,0.4196,0.411,0.411,0.05427,1335,hiv1_gp120,0.197620769624488
458,227,K,0.3347,0.2868,0.411,0.0609,1335,hiv1_gp120,0.170216729506086
459,228,C,0.03688,0.01538,0.03683,0.02008,1335,hiv1_gp120,0.00910464851634807
460,229,N,1.072,1.072,1.072,0.006243,1335,hiv1_gp120,0.758910705268208
461,230,N,1.464,1.465,1.465,0.02189,1335,hiv1_gp120,0.749842255641227
462,231,K,1.466,1.465,1.465,0.02085,1334,hiv1_gp120,0.823496649140503
463,232,T,2.042,2.042,2.042,0.00408,1335,hiv1_gp120,1.59850715120258
464,233,F,0.1497,0.1221,0.1924,0.03919,1335,hiv1_gp120,0.0433947303527139
465,234,N,0.7863,0.7871,0.7871,0.01302,1334,hiv1_gp120,0.481002978309462
466,235,G,0.02264,0.01538,0.03683,0.01472,1336,hiv1_gp120,0.00614739476379159
467,236,T,1.421,1.465,1.465,0.1234,1336,hiv1_gp120,0.989091991466071
468,237,G,0.06093,0.03683,0.07138,0.0241,1336,hiv1_gp120,0.0186745325177441
469,238,P,2.042,2.042,2.042,0.009127,1336,hiv1_gp120,0.856861591097733
470,239,C,0.05874,0.03683,0.07138,0.02533,1336,hiv1_gp120,0.0151678076968061
471,240,T,3.012,3.012,3.012,4.194e-06,1336,hiv1_gp120,2.5437297881015
472,241,N,0.1944,0.1924,0.1924,0.02036,1336,hiv1_gp120,0.124451512777353
473,242,V,0.0796,0.07138,0.07138,0.02026,1336,hiv1_gp120,0.0503391676851617
474,243,S,0.04303,0.03683,0.03683,0.01413,1336,hiv1_gp120,0.0260359964313321
475,244,T,0.281,0.2868,0.2868,0.02433,1336,hiv1_gp120,0.193976203489645
476,245,V,0.09819,0.07138,0.1221,0.02583,1336,hiv1_gp120,0.0599833951830291
477,246,Q,0.1589,0.1221,0.1924,0.03583,1334,hiv1_gp120,0.101858438918631
478,247,C,0.09149,0.07138,0.1221,0.03176,1335,hiv1_gp120,0.0273880141328461
479,248,T,0.04253,0.03683,0.03683,0.01424,1336,hiv1_gp120,0.0340763746961747
480,249,H,0.04004,0.03683,0.03683,0.01435,1336,hiv1_gp120,0.0243983253577247
481,250,G,0.04176,0.03683,0.03683,0.01997,1336,hiv1_gp120,0.0125838435199888
482,251,I,0.0364,0.03683,0.03683,0.01226,1336,hiv1_gp120,0.0293398515922141
483,252,R,1.314,1.072,1.465,0.1909,1336,hiv1_gp120,0.612577546547116
484,253,P,0.02869,0.01538,0.03683,0.01562,1336,hiv1_gp120,0.00936404103201345
485,254,V,0.08555,0.07138,0.1221,0.02342,1336,hiv1_gp120,0.0851312867722692
486,255,V,0.188,0.1924,0.1924,0.022,1336,hiv1_gp120,0.114364743713217
487,256,S,0.104,0.07138,0.1221,0.02462,1336,hiv1_gp120,0.101755468156688
488,257,T,0.01103,0.004221,0.01538,0.007151,1336,hiv1_gp120,0.00678101314118188
489,258,Q,0.1169,0.1221,0.1221,0.02311,1336,hiv1_gp120,0.0751163846003711
490,259,L,0.07756,0.07138,0.07138,0.02676,1336,hiv1_gp120,0.0364898874303487
491,260,L,0.05912,0.03683,0.07138,0.02342,1336,hiv1_gp120,0.0275586684278231
492,261,L,0.05918,0.03683,0.07138,0.02344,1335,hiv1_gp120,0.0293280573738562
493,262,N,0.0163,0.01538,0.01538,0.008673,1336,hiv1_gp120,0.0086056756802046
494,263,G,0.02263,0.01538,0.03683,0.01472,1336,hiv1_gp120,0.00574517900339539
495,264,S,0.02271,0.01538,0.03683,0.01069,1336,hiv1_gp120,0.0129888409712666
496,265,L,0.4072,0.411,0.411,0.05105,1336,hiv1_gp120,0.209760604427279
497,266,A,0.2757,0.2868,0.2868,0.03147,1336,hiv1_gp120,0.154335964921777
498,267,E,0.4216,0.411,0.411,0.04366,1336,hiv1_gp120,0.216301081956887
499,268,E,3.012,3.012,3.012,0,1316,hiv1_gp120,1.47082677945465
500,269,E,2.053,2.042,2.042,0.1028,1333,hiv1_gp120,1.04145062265957
501,270,V,1.078,1.072,1.072,0.0476,1336,hiv1_gp120,0.745634283274338
502,271,V,1.178,1.072,1.465,0.1741,1336,hiv1_gp120,0.73587318339195
503,272,I,0.3659,0.2868,0.411,0.05975,1336,hiv1_gp120,0.240872469139558
504,273,R,0.3878,0.411,0.411,0.04906,1335,hiv1_gp120,0.206082965326669
505,274,S,0.2032,0.1924,0.1924,0.0304,1336,hiv1_gp120,0.184589231162465
506,275,V,2.042,2.042,2.042,0.004,1336,hiv1_gp120,1.11450136561154
507,276,N,0.09425,0.07138,0.1221,0.0256,1336,hiv1_gp120,0.063727056197364
508,277,F,1.933,2.042,2.042,0.2254,1336,hiv1_gp120,0.815607521030847
509,278,T,1.067,1.072,1.072,0.03714,1336,hiv1_gp120,0.862096773302614
510,279,D,2.042,2.042,2.042,0.01881,1336,hiv1_gp120,1.25571152008112
511,280,N,0.1325,0.1221,0.1221,0.02598,1336,hiv1_gp120,0.086586358897082
512,281,A,2.042,2.042,2.042,4.533e-05,1336,hiv1_gp120,1.45131706482018
513,282,K,0.5244,0.411,0.5738,0.07505,1335,hiv1_gp120,0.275032069697948
514,283,T,1.465,1.465,1.465,0.005382,1336,hiv1_gp120,1.2065669683487
515,284,I,0.05023,0.03683,0.07138,0.01744,1336,hiv1_gp120,0.0257081459797612
516,285,I,0.1936,0.1924,0.1924,0.0203,1336,hiv1_gp120,0.10440466075622
517,286,V,0.1802,0.1924,0.1924,0.02802,1336,hiv1_gp120,0.110728428836362
518,287,Q,0.8867,0.7871,1.072,0.136,1336,hiv1_gp120,0.523794230201197
519,288,L,0.6649,0.5738,0.7871,0.1059,1336,hiv1_gp120,0.278721970116122
520,289,N,1.456,1.465,1.465,0.05938,1335,hiv1_gp120,0.919695145584389
521,290,T,3.012,3.012,3.012,1.115e-07,1335,hiv1_gp120,2.00364427186813
522,291,S,2.026,2.042,2.042,0.09466,1335,hiv1_gp120,1.35738432953961
523,292,V,0.7901,0.7871,0.7871,0.02929,1334,hiv1_gp120,0.497312321038356
524,293,E,5.907,5.907,5.907,0,1335,hiv1_gp120,3.26095744073931
525,294,I,0.05023,0.03683,0.07138,0.01744,1335,hiv1_gp120,0.0290733053899893
526,295,N,1.988,2.042,2.042,0.168,1335,hiv1_gp120,1.41118181368404
527,296,C,0.01492,0.004221,0.01538,0.01281,1335,hiv1_gp120,0.00303194184119351
528,297,T,1.085,1.072,1.072,0.07078,1335,hiv1_gp120,1.1291357786602
529,298,R,0.02033,0.01538,0.03683,0.01117,1334,hiv1_gp120,0.00942984530567761
530,299,P,0.3962,0.411,0.411,0.05032,1336,hiv1_gp120,0.173560981167734
531,300,N,2.042,2.042,2.042,0.0005078,1336,hiv1_gp120,1.65364391824246
532,301,N,0.2041,0.1924,0.1924,0.0319,1335,hiv1_gp120,0.145589114474316
533,302,N,0.2091,0.1924,0.1924,0.0364,1335,hiv1_gp120,0.143102851647058
534,303,T,0.2843,0.2868,0.2868,0.01958,1336,hiv1_gp120,0.21788287888136
535,304,R,0.4522,0.411,0.5738,0.07096,1336,hiv1_gp120,0.2787622930633
536,305,K,2.042,2.042,2.042,0.001508,1334,hiv1_gp120,1.03412051264421
537,306,R,1.072,1.072,1.072,0.01215,1336,hiv1_gp120,0.670417264791876
538,307,I,1.076,1.072,1.072,0.03573,1336,hiv1_gp120,0.677655451994842
539,308,R,4.795,3.012,5.907,1.478,23,hiv1_gp120,15.7966866157096
540,309,I,1.584,1.072,2.042,0.7133,15,hiv1_gp120,0.761305619149465
541,310,Q,2.042,2.042,2.042,0.005942,1335,hiv1_gp120,1.47011075468155
542,311,R,1.072,1.072,1.072,0.008261,1335,hiv1_gp120,0.691450800726749
543,312,G,0.546,0.5738,0.5738,0.06616,1334,hiv1_gp120,0.190531859901933
544,313,P,0.5964,0.5738,0.5738,0.06907,1335,hiv1_gp120,0.2768997963811
545,314,G,0.1284,0.1221,0.1221,0.03476,1335,hiv1_gp120,0.0512983206281039
546,315,R,1.349,1.072,1.465,0.1792,1330,hiv1_gp120,0.788822343212277
547,316,A,1.465,1.465,1.465,0.004148,1330,hiv1_gp120,1.01799922480006
548,317,F,1.943,2.042,2.042,0.2174,1336,hiv1_gp120,0.659975907517726
549,318,V,2.041,2.042,2.042,0.01839,1337,hiv1_gp120,0.78955702869092
550,319,T,1.081,1.072,1.072,0.0584,1272,hiv1_gp120,0.755152752676699
551,320,I,0.5776,0.5738,0.5738,0.02871,1336,hiv1_gp120,0.538881923182694
552,321,G,5.907,5.907,5.907,0,1335,hiv1_gp120,2.52203537251616
553,322,K,0.4913,0.411,0.5738,0.08139,1334,hiv1_gp120,0.298512870764153
554,323,I,0.768,0.7871,0.7871,0.06083,1333,hiv1_gp120,0.455741483730863
555,324,G,0.1093,0.07138,0.1221,0.03215,1336,hiv1_gp120,0.0439615747076526
556,325,N,1.469,1.465,1.465,0.0485,1337,hiv1_gp120,0.806742835545338
557,326,M,0.1242,0.1221,0.1221,0.01928,1335,hiv1_gp120,0.0890384876869421
558,327,R,0.1137,0.1221,0.1221,0.02424,1335,hiv1_gp120,0.0611162927097326
559,328,Q,2.042,2.042,2.042,6.533e-05,1335,hiv1_gp120,1.38742841304688
560,329,A,0.02686,0.01538,0.03683,0.01196,1336,hiv1_gp120,0.0151585283145822
561,330,H,1.465,1.465,1.465,0.001705,1336,hiv1_gp120,0.78094311094004
562,331,C,0.01491,0.004221,0.01538,0.0128,1336,hiv1_gp120,0.00303046700222146
563,332,N,0.7869,0.7871,0.7871,0.009459,1336,hiv1_gp120,0.550599854460321
564,333,I,1.072,1.072,1.072,0.008814,1336,hiv1_gp120,0.771610125089022
565,334,S,1.021,1.072,1.072,0.1094,1325,hiv1_gp120,0.723862157542713
566,335,R,5.907,5.907,5.907,0,1335,hiv1_gp120,3.62704085640663
567,336,A,5.907,5.907,5.907,0,1332,hiv1_gp120,4.62541533010826
568,337,K,5.907,5.907,5.907,0,1324,hiv1_gp120,4.12350580368612
569,338,W,0.04686,0.03683,0.07138,0.03042,1334,hiv1_gp120,0.0123844359729712
570,339,N,1.489,1.465,1.465,0.1163,1336,hiv1_gp120,1.18045514987706
571,340,N,5.907,5.907,5.907,0,1336,hiv1_gp120,2.75014633542769
572,341,T,0.5709,0.5738,0.5738,0.02193,1335,hiv1_gp120,0.453835072139708
573,342,L,0.5202,0.411,0.5738,0.07799,1335,hiv1_gp120,0.287028446820823
574,343,K,5.907,5.907,5.907,0,1336,hiv1_gp120,3.1559698073513
575,344,Q,5.906,5.907,5.907,0.05213,1335,hiv1_gp120,2.8109952895917
576,345,I,1.073,1.072,1.072,0.01799,1335,hiv1_gp120,0.676336508850764
577,346,A,3.012,3.012,3.012,4.215e-08,1335,hiv1_gp120,2.10849072608048
578,347,S,5.907,5.907,5.907,0,1334,hiv1_gp120,3.84824922647634
579,348,K,0.6222,0.5738,0.5738,0.08955,1335,hiv1_gp120,0.372296996889468
580,349,L,0.1155,0.1221,0.1221,0.03222,1335,hiv1_gp120,0.0637317069401774
581,350,R,5.907,5.907,5.907,8.429e-08,1333,hiv1_gp120,2.65592220744371
582,351,E,2.893,3.012,3.012,0.3185,1333,hiv1_gp120,1.26086165590546
583,352,Q,2.042,2.042,2.042,0.001173,1334,hiv1_gp120,1.23584543989302
584,353,F,2.029,2.042,2.042,0.08577,1334,hiv1_gp120,0.644704294003303
585,354,G,5.907,5.907,5.907,0,1334,hiv1_gp120,2.79836619303896
586,355,N,1.465,1.465,1.465,0.008337,1180,hiv1_gp120,1.17951589285966
587,356,N,3.01,3.012,3.012,0.04375,233,hiv1_gp120,2.66106579904819
588,357,K,2.042,2.042,2.042,0.0004302,1334,hiv1_gp120,1.23017047416904
589,358,T,1.072,1.072,1.072,0.007776,1334,hiv1_gp120,0.893744337128841
590,359,I,0.2138,0.1924,0.1924,0.03982,1334,hiv1_gp120,0.143731958080151
591,360,I,5.907,5.907,5.907,0,1333,hiv1_gp120,3.61570900692106
592,361,F,0.2883,0.2868,0.2868,0.05049,1333,hiv1_gp120,0.142214921254411
593,362,K,3.012,3.012,3.012,0.0001105,1333,hiv1_gp120,2.96032355617488
594,363,Q,3.012,3.012,3.012,0.01372,1334,hiv1_gp120,2.66425616018812
595,364,S,1.464,1.465,1.465,0.01382,1334,hiv1_gp120,1.30382067673551
596,365,S,0.6869,0.5738,0.7871,0.1065,1334,hiv1_gp120,0.746218126868923
597,366,G,0.02269,0.01538,0.03683,0.01476,1333,hiv1_gp120,0.00632513843354348
598,367,G,0.02266,0.01538,0.03683,0.01474,1335,hiv1_gp120,0.00577246333232249
599,368,D,0.01995,0.01538,0.03683,0.01096,1335,hiv1_gp120,0.00782272147700176
600,369,P,1.472,1.465,1.465,0.06154,1335,hiv1_gp120,0.689451721515333
601,370,E,0.04186,0.03683,0.03683,0.01656,1334,hiv1_gp120,0.0209894193868224
602,371,I,0.7851,0.7871,0.7871,0.02069,1335,hiv1_gp120,0.492584224362819
603,372,V,0.8043,0.7871,0.7871,0.06793,1335,hiv1_gp120,0.795558448817328
604,373,T,0.9834,0.7871,1.072,0.1321,1335,hiv1_gp120,0.634217435702183
605,374,H,0.1948,0.1924,0.1924,0.02444,1335,hiv1_gp120,0.0918932018408317
606,375,S,0.7874,0.7871,0.7871,0.009326,1335,hiv1_gp120,0.515530985898469
607,376,F,0.1999,0.1924,0.1924,0.04323,1335,hiv1_gp120,0.0582636098500271
608,377,N,0.2045,0.1924,0.1924,0.03234,1335,hiv1_gp120,0.137689444149552
609,378,C,0.01493,0.004221,0.01538,0.01282,1335,hiv1_gp120,0.00303327186966295
610,379,G,1.761,1.465,2.042,0.2884,1334,hiv1_gp120,0.743740259697514
611,380,G,0.02271,0.01538,0.03683,0.01477,1336,hiv1_gp120,0.00900436273385201
612,381,E,0.04831,0.03683,0.07138,0.01835,1334,hiv1_gp120,0.0209691805063533
613,382,F,0.05217,0.03683,0.07138,0.02256,1336,hiv1_gp120,0.0143961080902656
614,383,F,0.06193,0.03683,0.07138,0.02448,1336,hiv1_gp120,0.0172809023283238
615,384,Y,0.1784,0.1221,0.1924,0.04195,1336,hiv1_gp120,0.0673572692261739
616,385,C,0.01492,0.004221,0.01538,0.01282,1335,hiv1_gp120,0.00303209484355557
617,386,N,0.7868,0.7871,0.7871,0.00955,1335,hiv1_gp120,0.480814246720135
618,387,S,0.4762,0.411,0.5738,0.07979,1335,hiv1_gp120,0.384423351575303
619,388,T,1.072,1.072,1.072,0.01109,1336,hiv1_gp120,0.880556362376995
620,389,Q,5.907,5.907,5.907,0,1336,hiv1_gp120,3.73571894343532
621,390,L,0.04997,0.03683,0.07138,0.02163,1336,hiv1_gp120,0.0323734395929657
622,391,F,0.09115,0.07138,0.1221,0.03008,1336,hiv1_gp120,0.0346087082208108
623,392,N,0.6335,0.5738,0.7871,0.09581,1336,hiv1_gp120,0.451012530325789
624,393,S,2.042,2.042,2.042,2.55e-05,1328,hiv1_gp120,1.59273535567348
625,394,T,1.465,1.465,1.465,0.005987,1328,hiv1_gp120,1.43260686481793
626,395,W,5.907,5.907,5.907,0,1328,hiv1_gp120,2.31152795948055
627,396,F,5.907,5.907,5.907,0,1309,hiv1_gp120,5.27931321127905
628,397,N,5.907,5.907,5.907,0,1281,hiv1_gp120,8.17970105764218
629,398,S,3.012,3.012,3.012,3.601e-07,1234,hiv1_gp120,3.45235655706692
630,399,T,5.907,5.907,5.907,0,1163,hiv1_gp120,6.84926737169424
631,400,W,5.907,5.907,5.907,0,1112,hiv1_gp120,6.38339707286167
632,401,S,5.907,5.907,5.907,0,968,hiv1_gp120,10.9565839749897
633,402,T,5.907,5.907,5.907,0,865,hiv1_gp120,6.2302670224507
634,403,E,5.907,5.907,5.907,0,528,hiv1_gp120,8.29690414080767
635,404,G,5.907,5.907,5.907,2.568e-06,214,hiv1_gp120,6.4102863480206
636,405,S,5.907,5.907,5.907,0,420,hiv1_gp120,9.41055330277662
637,406,N,5.907,5.907,5.907,0,750,hiv1_gp120,6.23694562451506
638,407,N,5.907,5.907,5.907,0,1127,hiv1_gp120,8.08576066535762
639,408,T,5.907,5.907,5.907,0,1173,hiv1_gp120,6.83961429781961
640,409,E,5.907,5.907,5.907,0,1276,hiv1_gp120,7.48833714929367
641,410,G,5.907,5.907,5.907,0,1295,hiv1_gp120,8.13875676447153
642,411,S,3.012,3.012,3.012,0,1334,hiv1_gp120,2.83693087195522
643,412,D,5.907,5.907,5.907,0,1334,hiv1_gp120,5.2661925930242
644,413,T,3.012,3.012,3.012,0,1335,hiv1_gp120,2.69347203214437
645,414,I,0.4142,0.411,0.411,0.0249,1337,hiv1_gp120,0.290931601672975
646,415,T,1.072,1.072,1.072,0.009124,1337,hiv1_gp120,0.887454325018152
647,416,L,1.063,1.072,1.072,0.05089,1336,hiv1_gp120,0.382210561185024
648,417,P,2.042,2.042,2.042,0.0009513,1336,hiv1_gp120,0.91134583753923
649,418,C,0.1022,0.07138,0.1221,0.03343,1336,hiv1_gp120,0.0365420021645539
650,419,R,1.071,1.072,1.072,0.02133,1337,hiv1_gp120,0.534353615923563
651,420,I,0.05637,0.03683,0.07138,0.01801,1336,hiv1_gp120,0.0313009036837212
652,421,K,0.7915,0.7871,0.7871,0.03694,1337,hiv1_gp120,0.384479658331634
653,422,Q,0.06819,0.07138,0.07138,0.01863,1337,hiv1_gp120,0.0375746968738661
654,423,I,0.5758,0.5738,0.5738,0.02227,1337,hiv1_gp120,0.421803521266135
655,424,I,0.7888,0.7871,0.7871,0.02232,1335,hiv1_gp120,0.492509371310285
656,425,N,0.2672,0.2868,0.2868,0.03874,1337,hiv1_gp120,0.203370232348238
657,426,M,0.979,0.7871,1.072,0.1338,1337,hiv1_gp120,0.364399885693744
658,427,W,0.322,0.2868,0.411,0.07965,1337,hiv1_gp120,0.0792772438688985
659,428,Q,0.07331,0.07138,0.07138,0.01934,1336,hiv1_gp120,0.0488605140590714
660,429,K,2.99,3.012,3.012,0.1457,1336,hiv1_gp120,1.24748641494948
661,430,V,0.305,0.2868,0.2868,0.04426,1337,hiv1_gp120,0.234300215778583
662,431,G,0.1674,0.1221,0.1924,0.04038,1337,hiv1_gp120,0.0568534691328652
663,432,K,0.8542,0.7871,0.7871,0.121,1336,hiv1_gp120,0.546562279141665
664,433,A,0.03676,0.03683,0.03683,0.01245,1336,hiv1_gp120,0.0212233386030498
665,434,M,0.6188,0.5738,0.5738,0.08706,1337,hiv1_gp120,0.24610249813904
666,435,Y,0.1365,0.1221,0.1924,0.03754,1337,hiv1_gp120,0.0486132726595919
667,436,A,0.1341,0.1221,0.1221,0.02748,1337,hiv1_gp120,0.128358507371946
668,437,P,0.2613,0.1924,0.2868,0.04744,1337,hiv1_gp120,0.125827607280919
669,438,P,0.07128,0.07138,0.07138,0.0243,1337,hiv1_gp120,0.024982456963874
670,439,I,0.1777,0.1924,0.1924,0.02954,1335,hiv1_gp120,0.114867934038968
671,440,S,3.012,3.012,3.012,3.219e-06,1336,hiv1_gp120,2.81396057253124
672,441,G,0.08008,0.07138,0.07138,0.02771,1336,hiv1_gp120,0.0284584508411432
673,442,Q,3.012,3.012,3.012,0,1336,hiv1_gp120,2.40379838196028
674,443,I,0.1209,0.1221,0.1221,0.01823,1337,hiv1_gp120,0.077804416857977
675,444,R,3.011,3.012,3.012,0.03002,1337,hiv1_gp120,1.87345123169859
676,445,C,0.08066,0.07138,0.1221,0.02973,1336,hiv1_gp120,0.0243971966621397
677,446,S,3.012,3.012,3.012,4.458e-06,1336,hiv1_gp120,2.59587046471348
678,447,S,0.0184,0.01538,0.01538,0.008872,1337,hiv1_gp120,0.0185114246417594
679,448,N,0.7915,0.7871,0.7871,0.03541,1337,hiv1_gp120,0.566544869870376
680,449,I,0.07064,0.07138,0.07138,0.01554,1337,hiv1_gp120,0.0457829110310625
681,450,T,0.03014,0.01538,0.03683,0.01175,1337,hiv1_gp120,0.0203491339512973
682,451,G,0.03239,0.01538,0.03683,0.01763,1336,hiv1_gp120,0.0120549108042465
683,452,L,1.076,1.072,1.072,0.04315,1336,hiv1_gp120,0.608213136499163
684,453,L,1.459,1.465,1.465,0.0496,1337,hiv1_gp120,0.719285248080243
685,454,L,0.1902,0.1924,0.1924,0.04008,1337,hiv1_gp120,0.0990405343593405
686,455,T,0.7875,0.7871,0.7871,0.0121,1337,hiv1_gp120,0.892202089950841
687,456,R,0.2838,0.2868,0.2868,0.02895,1337,hiv1_gp120,0.160970592208835
688,457,D,0.06829,0.07138,0.07138,0.01867,1337,hiv1_gp120,0.0315443644411419
689,458,G,0.128,0.1221,0.1221,0.03462,1336,hiv1_gp120,0.04502816626333
690,459,G,0.5128,0.411,0.5738,0.08035,1329,hiv1_gp120,0.173424061618908
691,460,N,5.907,5.907,5.907,0,1156,hiv1_gp120,4.72369062143089
692,461,S,5.907,5.907,5.907,0,1301,hiv1_gp120,6.29380019385257
693,462,N,5.907,5.907,5.907,0,1332,hiv1_gp120,5.20196595520854
694,463,N,3.012,3.012,3.012,0,1336,hiv1_gp120,2.91916048321953
695,464,E,5.907,5.907,5.907,0,1336,hiv1_gp120,7.58718831419915
696,465,S,3.012,3.012,3.012,5.003e-06,1337,hiv1_gp120,2.695065229188
697,466,E,0.1893,0.1924,0.1924,0.02941,1337,hiv1_gp120,0.0981770478463871
698,467,I,2.042,2.042,2.042,5.474e-05,1337,hiv1_gp120,1.60809811732614
699,468,F,0.1798,0.1221,0.1924,0.04077,1336,hiv1_gp120,0.0520641726373142
700,469,R,0.04425,0.03683,0.03683,0.01662,1336,hiv1_gp120,0.0222098900952709
701,470,P,0.05428,0.03683,0.07138,0.02163,1336,hiv1_gp120,0.0187257964836098
702,471,G,3.012,3.012,3.012,0.01044,1336,hiv1_gp120,1.11643387332629
703,472,G,0.04186,0.03683,0.03683,0.02002,1336,hiv1_gp120,0.0157897965868163
704,473,G,0.01302,0.004221,0.01538,0.01119,1336,hiv1_gp120,0.00315496240127361
705,474,D,1.456,1.465,1.465,0.05889,1336,hiv1_gp120,0.692163432920108
706,475,M,0.1042,0.07138,0.1221,0.02526,1336,hiv1_gp120,0.0404690519863878
707,476,R,1.46,1.465,1.465,0.04452,1336,hiv1_gp120,0.709620509851637
708,477,D,0.2443,0.1924,0.2868,0.04735,1336,hiv1_gp120,0.111366023227753
709,478,N,0.04005,0.03683,0.03683,0.01328,1336,hiv1_gp120,0.0229779573561537
710,479,W,0.02706,0.01538,0.03683,0.02316,1332,hiv1_gp120,0.00412831505497852
711,480,R,0.05721,0.03683,0.07138,0.01915,1336,hiv1_gp120,0.0317211898492799
712,481,S,0.2831,0.2868,0.2868,0.01988,1336,hiv1_gp120,0.164294166871012
713,482,E,0.06215,0.03683,0.07138,0.01995,1336,hiv1_gp120,0.026946125082325
714,483,L,0.003712,0.0003737,0.004221,0.005752,1336,hiv1_gp120,9.55584817623797e-17
715,484,Y,0.02423,0.01538,0.03683,0.01575,1335,hiv1_gp120,0.011192761787848
716,485,K,0.1789,0.1924,0.1924,0.03308,1334,hiv1_gp120,0.084199766940081
717,486,Y,0.04485,0.03683,0.07138,0.02146,1335,hiv1_gp120,0.022479863206819
718,487,K,0.03021,0.01538,0.03683,0.0144,1335,hiv1_gp120,0.0167333048620147
719,488,V,0.1114,0.1221,0.1221,0.02266,1335,hiv1_gp120,0.0667044909716596
720,489,V,0.168,0.1221,0.1924,0.03392,1335,hiv1_gp120,0.104410570767087
721,490,K,1.476,1.465,1.465,0.07927,1335,hiv1_gp120,0.801947058934416
722,491,I,0.657,0.5738,0.7871,0.1041,1335,hiv1_gp120,0.438920678794717
723,492,E,0.5687,0.5738,0.5738,0.03393,1335,hiv1_gp120,0.269886761265291
724,493,P,0.03707,0.03683,0.03683,0.01767,1335,hiv1_gp120,0.00625404037595218
725,494,L,0.4744,0.411,0.5738,0.08055,1335,hiv1_gp120,0.25928682842771
726,495,G,0.04192,0.03683,0.03683,0.02004,1335,hiv1_gp120,0.0157455545842907
727,496,V,2.042,2.042,2.042,0.0008893,1335,hiv1_gp120,1.17993964872314
728,497,A,0.03681,0.03683,0.03683,0.01248,1335,hiv1_gp120,0.0212319504395461
729,498,P,0.0116,0.004221,0.01538,0.009977,1335,hiv1_gp120,0.00312030540867692
730,499,T,0.2389,0.1924,0.2868,0.04726,1336,hiv1_gp120,0.176198108477892
731,500,K,3.012,3.012,3.012,0.0002604,1336,hiv1_gp120,2.0602645186045
732,501,A,0.1279,0.1221,0.1221,0.02226,1336,hiv1_gp120,0.0672412514009532
733,502,K,1.151,1.072,1.072,0.1572,1336,hiv1_gp120,0.597494210694609
734,503,R,0.03266,0.01538,0.03683,0.01377,1336,hiv1_gp120,0.0153398282457178
735,504,R,0.1718,0.1221,0.1924,0.03374,1335,hiv1_gp120,0.103323117539542
736,505,V,0.07572,0.07138,0.07138,0.01788,1335,hiv1_gp120,0.0662137274905788
737,506,V,0.006758,0.004221,0.01538,0.005872,1335,hiv1_gp120,0.00313895413815595
738,507,Q,0.6224,0.5738,0.5738,0.08956,1335,hiv1_gp120,0.327478129622386
739,508,R,0.1134,0.1221,0.1221,0.02426,1335,hiv1_gp120,0.0572087205646954
740,509,E,0.2806,0.2868,0.2868,0.0333,1335,hiv1_gp120,0.132989806290546
741,510,K,0.19,0.1924,0.1924,0.03069,1334,hiv1_gp120,0.0875924743709992
742,511,R,0.008212,0.004221,0.01538,0.00709,1334,hiv1_gp120,0.00317328434380947
743,1,F,0.2047,0.1094,0.2546,0.1102,1373,hiv1_integrase,0.0219808158859804
744,2,L,0.082,0.02996,0.1094,0.06822,1374,hiv1_integrase,0.0133992678761858
745,3,D,0.3461,0.2546,0.3588,0.1126,1374,hiv1_integrase,0.0661119159081477
746,4,G,0.4392,0.3588,0.49,0.1609,1374,hiv1_integrase,0.0508805844980281
747,5,I,0.1942,0.1726,0.2546,0.07649,1374,hiv1_integrase,0.0325422715083334
748,6,D,2.348,2.032,2.899,0.4215,1374,hiv1_integrase,0.437079651717605
749,7,K,2.697,2.899,2.899,0.3674,1374,hiv1_integrase,0.362754851951877
750,8,A,0.1059,0.06256,0.1094,0.05698,1374,hiv1_integrase,0.0190156588328799
751,9,Q,0.08955,0.06256,0.1094,0.05721,1374,hiv1_integrase,0.0205400759926956
752,10,D,2.85,2.899,2.899,0.2013,1374,hiv1_integrase,0.632612213084719
753,11,E,5.414,5.414,5.414,0.000452,1374,hiv1_integrase,1.42769204462276
754,12,H,0.08251,0.02996,0.1094,0.05272,1374,hiv1_integrase,0.0197978362832049
755,13,E,0.8282,0.6555,0.8657,0.1835,1374,hiv1_integrase,0.139559608201358
756,14,K,5.359,5.414,5.414,0.3685,1374,hiv1_integrase,0.767976033419738
757,15,Y,0.2148,0.1094,0.2546,0.1156,1374,hiv1_integrase,0.0246529153382429
758,16,H,0.04861,0.02996,0.06256,0.04054,1374,hiv1_integrase,0.00659439171794856
759,17,S,4.926,5.414,5.414,0.9949,1374,hiv1_integrase,1.07555382432487
760,18,N,0.133,0.1094,0.1726,0.06305,1374,hiv1_integrase,0.0229895617998475
761,19,W,0.1743,0.06256,0.2546,0.1446,1372,hiv1_integrase,0.0238353654026798
762,20,R,1.985,2.032,2.032,0.2111,1374,hiv1_integrase,0.312402492244836
763,21,A,1.094,0.8657,1.138,0.1822,1374,hiv1_integrase,0.369745925036028
764,22,M,0.5024,0.3588,0.6555,0.1278,1374,hiv1_integrase,0.0570892550018732
765,23,A,1.065,0.8657,1.138,0.18,1374,hiv1_integrase,0.237597888404829
766,24,S,2.894,2.899,2.899,0.06469,1374,hiv1_integrase,0.632971216403638
767,25,D,2.396,2.032,2.899,0.4312,1374,hiv1_integrase,0.540583328132119
768,26,F,0.02752,0.001242,0.02996,0.04007,1374,hiv1_integrase,9.55584817623797e-17
769,27,N,0.5252,0.49,0.6555,0.1258,1374,hiv1_integrase,0.115677698387282
770,28,L,2.818,2.899,2.899,0.2527,1374,hiv1_integrase,0.866181412169209
771,29,P,0.07542,0.02996,0.1094,0.06276,1374,hiv1_integrase,0.00701874135264644
772,30,P,1.322,1.138,1.505,0.2614,1374,hiv1_integrase,0.198267244983493
773,31,V,5.414,5.414,5.414,0.003686,1374,hiv1_integrase,1.4721767440683
774,32,V,1.277,1.138,1.505,0.2066,1373,hiv1_integrase,0.349390787517491
775,33,A,0.106,0.06256,0.1094,0.05707,1374,hiv1_integrase,0.0190269495308297
776,34,K,1.165,1.138,1.138,0.2238,1374,hiv1_integrase,0.172137612616167
777,35,E,0.553,0.49,0.6555,0.1508,1374,hiv1_integrase,0.0927313571808501
778,36,I,0.1343,0.1094,0.1726,0.06367,1374,hiv1_integrase,0.0216940636537071
779,37,V,0.6085,0.49,0.6555,0.1382,1374,hiv1_integrase,0.202601108628981
780,38,A,0.2922,0.2546,0.3588,0.0951,1374,hiv1_integrase,0.083069592127411
781,39,S,2.074,2.032,2.032,0.2014,1374,hiv1_integrase,0.542764905658223
782,40,C,0.2982,0.1726,0.3588,0.1413,1374,hiv1_integrase,0.0305204165660066
783,41,D,1.202,1.138,1.505,0.2137,1373,hiv1_integrase,0.188687115949586
784,42,K,0.4026,0.3588,0.49,0.131,1373,hiv1_integrase,0.038187485795795
785,43,C,0.2309,0.1726,0.2546,0.1242,1373,hiv1_integrase,0.0183215460941042
786,44,Q,0.2395,0.1726,0.2546,0.09423,1374,hiv1_integrase,0.0744553078443318
787,45,L,5.414,5.414,5.414,3.863e-05,1374,hiv1_integrase,1.53041481735348
788,46,K,0.2329,0.1726,0.2546,0.09977,1374,hiv1_integrase,0.037961529496937
789,47,G,0.2037,0.1094,0.2546,0.1096,1374,hiv1_integrase,0.022382461234413
790,48,E,0.1394,0.1094,0.1726,0.07504,1374,hiv1_integrase,0.0198060305553688
791,49,A,0.1981,0.1726,0.2546,0.07802,1374,hiv1_integrase,0.0380746612428905
792,50,M,5.414,5.414,5.414,2.308e-07,1374,hiv1_integrase,0.972901408463006
793,51,H,0.1161,0.06256,0.1726,0.06249,1374,hiv1_integrase,0.0197978989678602
794,52,G,0.08449,0.02996,0.1094,0.07029,1374,hiv1_integrase,0.00566574377641987
795,53,Q,0.1261,0.06256,0.1726,0.06789,1373,hiv1_integrase,0.0514280299330918
796,54,V,0.199,0.1726,0.2546,0.07837,1374,hiv1_integrase,0.0430092338093313
797,55,D,0.3108,0.2546,0.3588,0.107,1374,hiv1_integrase,0.0480940734094768
798,56,C,0.4295,0.3588,0.49,0.169,1374,hiv1_integrase,0.0365664907521629
799,57,S,0.3042,0.2546,0.3588,0.08994,1374,hiv1_integrase,0.0522966715460581
800,58,P,0.02423,0.001242,0.02996,0.03521,1374,hiv1_integrase,9.55584817623797e-17
801,59,G,0.6145,0.49,0.6555,0.1901,1374,hiv1_integrase,0.0617156213083462
802,60,I,1.507,1.505,1.505,0.2025,1374,hiv1_integrase,0.267977533926472
803,61,W,0.05417,0.01006,0.06256,0.07939,1373,hiv1_integrase,3.17603086687411e-16
804,62,Q,0.05284,0.02996,0.06256,0.04405,1374,hiv1_integrase,0.0102668791074917
805,63,L,0.5356,0.3588,0.6555,0.1743,1374,hiv1_integrase,0.121580730026293
806,64,D,0.2001,0.1726,0.2546,0.08571,1374,hiv1_integrase,0.0300244278954034
807,65,C,0.03084,0.001242,0.02996,0.04497,1374,hiv1_integrase,9.55584817623797e-17
808,66,T,0.09899,0.06256,0.1094,0.05329,1374,hiv1_integrase,0.0182054708033775
809,67,H,0.01579,0.001242,0.02996,0.02276,1374,hiv1_integrase,5.84056612597461e-16
810,68,L,1.218,1.138,1.505,0.2633,1374,hiv1_integrase,0.249918710348261
811,69,E,0.2202,0.1726,0.2546,0.09434,1374,hiv1_integrase,0.0330049708078133
812,70,G,0.8508,0.6555,0.8657,0.2238,1374,hiv1_integrase,0.10440902135853
813,71,K,0.7407,0.6555,0.8657,0.1776,1374,hiv1_integrase,0.10798309197553
814,72,V,5.414,5.414,5.414,0,1374,hiv1_integrase,1.96884544286533
815,73,I,0.2544,0.1726,0.2546,0.08756,1374,hiv1_integrase,0.0460413962613525
816,74,L,4.546,2.899,5.414,1.196,1374,hiv1_integrase,1.17589976731634
817,75,V,0.04451,0.01006,0.06256,0.03715,1374,hiv1_integrase,0.00715923283904176
818,76,A,0.04429,0.01006,0.06256,0.03696,1374,hiv1_integrase,0.0063357242502858
819,77,V,0.2921,0.2546,0.3588,0.09509,1374,hiv1_integrase,0.0718391775310948
820,78,H,0.1498,0.1094,0.1726,0.07098,1374,hiv1_integrase,0.0263895075542359
821,79,V,0.2917,0.2546,0.3588,0.09495,1374,hiv1_integrase,0.0645445443361686
822,80,A,0.1677,0.1094,0.1726,0.07182,1374,hiv1_integrase,0.0317614493333042
823,81,S,0.06494,0.02996,0.1094,0.04151,1374,hiv1_integrase,0.00948631046526324
824,82,G,0.3788,0.2546,0.49,0.1491,1374,hiv1_integrase,0.0390179017390286
825,83,Y,0.02888,0.001242,0.02996,0.04208,1374,hiv1_integrase,5.84056612597461e-16
826,84,I,2.898,2.899,2.899,0.02658,1374,hiv1_integrase,0.627447138027352
827,85,E,0.1393,0.1094,0.1726,0.075,1374,hiv1_integrase,0.0198216487173352
828,86,A,0.01442,0.001242,0.01006,0.02075,1374,hiv1_integrase,5.11495607773734e-17
829,87,E,0.1797,0.1094,0.2546,0.08521,1374,hiv1_integrase,0.0264008748038027
830,88,V,0.2921,0.2546,0.3588,0.09509,1373,hiv1_integrase,0.0792912756322251
831,89,I,0.3152,0.2546,0.3588,0.09759,1374,hiv1_integrase,0.0657956539506514
832,90,P,1.528,1.505,1.505,0.2858,1374,hiv1_integrase,0.205874960330949
833,91,A,1.289,1.138,1.505,0.2059,1374,hiv1_integrase,0.282744562469072
834,92,E,0.1797,0.1094,0.2546,0.0852,1374,hiv1_integrase,0.0263997021287268
835,93,T,0.04141,0.01006,0.06256,0.03457,1374,hiv1_integrase,0.00610242768584316
836,94,G,0.2012,0.1094,0.2546,0.1083,1374,hiv1_integrase,0.0167360799504573
837,95,Q,0.7912,0.6555,0.8657,0.1709,1373,hiv1_integrase,0.291924804101688
838,96,E,0.7101,0.6555,0.8657,0.1703,1374,hiv1_integrase,0.152538618593913
839,97,T,0.647,0.49,0.6555,0.1367,1374,hiv1_integrase,0.165097907557877
840,98,A,0.1367,0.1094,0.1726,0.06479,1374,hiv1_integrase,0.0253851103285299
841,99,Y,1.154,0.8657,1.505,0.2688,1373,hiv1_integrase,0.13219957604679
842,100,F,2.909,2.899,2.899,0.1786,1374,hiv1_integrase,0.589677451086984
843,101,L,5.414,5.414,5.414,1.691e-05,1374,hiv1_integrase,1.36071931325709
844,102,L,0.1389,0.06256,0.1726,0.0887,1374,hiv1_integrase,0.0267558819392114
845,103,K,0.6569,0.49,0.8657,0.1673,1374,hiv1_integrase,0.101382104534704
846,104,L,0.0263,0.001242,0.02996,0.03827,1374,hiv1_integrase,9.68232478320427e-17
847,105,A,0.0752,0.02996,0.1094,0.04806,1374,hiv1_integrase,0.0126975760997078
848,106,G,1.251,1.138,1.505,0.27,1374,hiv1_integrase,0.126075120752562
849,107,R,0.2029,0.1726,0.2546,0.08689,1374,hiv1_integrase,0.0263105921084744
850,108,W,0.1714,0.06256,0.2546,0.1423,1374,hiv1_integrase,0.0237887663847402
851,109,P,0.07539,0.02996,0.1094,0.06274,1374,hiv1_integrase,0.00701890705992646
852,110,V,0.04455,0.01006,0.06256,0.03719,1371,hiv1_integrase,0.00716818498037735
853,111,K,2.9,2.899,2.899,0.05982,1374,hiv1_integrase,0.547803930280966
854,112,T,5.414,5.414,5.414,0.00115,1374,hiv1_integrase,1.18451691800502
855,113,I,2.399,2.032,2.899,0.4294,1374,hiv1_integrase,0.517674416596086
856,114,H,0.04861,0.02996,0.06256,0.04054,1374,hiv1_integrase,0.00659474522545299
857,115,T,0.01351,0.001242,0.01006,0.01941,1374,hiv1_integrase,6.74063979236702e-18
858,116,D,0.08954,0.06256,0.1094,0.05721,1374,hiv1_integrase,0.0119790505492749
859,117,N,0.04316,0.01006,0.06256,0.03602,1374,hiv1_integrase,0.00574427472694269
860,118,G,0.02709,0.001242,0.02996,0.03943,1374,hiv1_integrase,9.55584817623797e-17
861,119,S,5.414,5.414,5.414,1.032e-07,1374,hiv1_integrase,1.30912842789612
862,120,N,0.04325,0.01006,0.06256,0.0361,1373,hiv1_integrase,0.0057512394945381
863,121,F,0.1452,0.06256,0.1726,0.09274,1374,hiv1_integrase,0.0146439040691553
864,122,T,1.937,2.032,2.032,0.2078,1374,hiv1_integrase,0.558870849496725
865,123,G,0.1976,0.1726,0.2546,0.0724,1374,hiv1_integrase,0.0332569853727627
866,124,A,5.414,5.414,5.414,0,1374,hiv1_integrase,2.4891849721194
867,125,T,5.414,5.414,5.414,5.789e-05,1374,hiv1_integrase,1.42445797951964
868,126,V,0.9045,0.8657,1.138,0.1704,1374,hiv1_integrase,0.250852956694796
869,127,R,0.358,0.2546,0.49,0.1232,1374,hiv1_integrase,0.0568393507110397
870,128,A,0.07513,0.02996,0.1094,0.04802,1374,hiv1_integrase,0.012678191899074
871,129,A,0.1981,0.1726,0.2546,0.078,1374,hiv1_integrase,0.0380896112440729
872,130,C,0.03084,0.001242,0.02996,0.04497,1374,hiv1_integrase,3.17603086687411e-16
873,131,W,0.1714,0.06256,0.2546,0.1423,1374,hiv1_integrase,0.0237887663847402
874,132,W,0.4065,0.2546,0.49,0.2186,1373,hiv1_integrase,0.0475931541111752
875,133,A,0.1058,0.06256,0.1094,0.05698,1374,hiv1_integrase,0.0190157835318573
876,134,G,2.897,2.899,2.899,0.07773,1374,hiv1_integrase,0.359770910609548
877,135,I,1.916,2.032,2.032,0.224,1374,hiv1_integrase,0.510033907699118
878,136,K,2.889,2.899,2.899,0.09334,1374,hiv1_integrase,0.598709830471732
879,137,Q,0.1993,0.1094,0.2546,0.08537,1373,hiv1_integrase,0.0514162727194816
880,138,E,0.5848,0.49,0.6555,0.1541,1374,hiv1_integrase,0.0927184834686837
881,139,F,0.5019,0.3588,0.6555,0.1727,1374,hiv1_integrase,0.051350921097565
882,140,G,0.318,0.2546,0.3588,0.1362,1374,hiv1_integrase,0.0277564120253058
883,141,I,0.466,0.3588,0.49,0.1187,1374,hiv1_integrase,0.105366668584653
884,142,P,0.02423,0.001242,0.02996,0.03521,1374,hiv1_integrase,4.00473305311219e-17
885,143,Y,0.2776,0.1726,0.3588,0.1316,1374,hiv1_integrase,0.0411289761622266
886,144,N,0.04315,0.01006,0.06256,0.03602,1374,hiv1_integrase,0.00574355322679009
887,145,P,0.07543,0.02996,0.1094,0.06278,1374,hiv1_integrase,0.00702044842896538
888,146,Q,0.01712,0.001242,0.02996,0.02472,1374,hiv1_integrase,9.55584817623797e-17
889,147,S,0.09153,0.06256,0.1094,0.04927,1374,hiv1_integrase,0.0142335453044876
890,148,Q,0.08959,0.06256,0.1094,0.05724,1374,hiv1_integrase,0.0205466801789366
891,149,G,0.2012,0.1094,0.2546,0.1083,1374,hiv1_integrase,0.0170156872531774
892,150,V,0.3881,0.3588,0.49,0.11,1374,hiv1_integrase,0.100963390507861
893,151,V,0.792,0.6555,0.8657,0.1572,1374,hiv1_integrase,0.158354293222836
894,152,E,0.5495,0.49,0.6555,0.15,1374,hiv1_integrase,0.0934427034305295
895,153,S,0.2793,0.2546,0.3588,0.08642,1374,hiv1_integrase,0.0827728931922618
896,154,M,1.465,1.505,1.505,0.2069,1374,hiv1_integrase,0.191456023915752
897,155,N,0.1631,0.1094,0.1726,0.06987,1374,hiv1_integrase,0.0287824290366766
898,156,K,2.57,2.032,2.899,0.4227,1374,hiv1_integrase,0.417574265185301
899,157,E,1.326,1.138,1.505,0.2318,1374,hiv1_integrase,0.276154418393387
900,158,L,0.08202,0.02996,0.1094,0.06824,1374,hiv1_integrase,0.0139882017072693
901,159,K,0.1885,0.1094,0.2546,0.08933,1374,hiv1_integrase,0.0252503664004418
902,160,K,1.594,1.505,1.505,0.2712,1374,hiv1_integrase,0.269561137492913
903,161,I,0.01414,0.001242,0.01006,0.02034,1374,hiv1_integrase,9.55584817623797e-17
904,162,I,0.2853,0.2546,0.3588,0.09286,1374,hiv1_integrase,0.0597005224164654
905,163,G,5.409,5.414,5.414,0.1192,1374,hiv1_integrase,0.576308516256933
906,164,Q,0.08962,0.06256,0.1094,0.05726,1374,hiv1_integrase,0.0205372568489434
907,165,V,1.269,1.138,1.505,0.2057,1374,hiv1_integrase,0.339785037187259
908,166,R,0.4281,0.3588,0.49,0.1266,1374,hiv1_integrase,0.058006126743787
909,167,D,2.871,2.899,2.899,0.1527,1374,hiv1_integrase,0.590601773534472
910,168,Q,0.1262,0.06256,0.1726,0.06794,1374,hiv1_integrase,0.0308436737472135
911,169,A,0.1365,0.1094,0.1726,0.06472,1374,hiv1_integrase,0.0253629735068791
912,170,E,0.2206,0.1726,0.2546,0.09449,1374,hiv1_integrase,0.0330212109270455
913,171,H,0.7246,0.6555,0.8657,0.1565,1374,hiv1_integrase,0.139406417531683
914,172,L,0.4224,0.3588,0.49,0.1548,1374,hiv1_integrase,0.0566740721692645
915,173,K,1.783,1.505,2.032,0.2822,1374,hiv1_integrase,0.268461994381251
916,174,T,0.1278,0.1094,0.1726,0.06057,1374,hiv1_integrase,0.0242758482618739
917,175,A,0.07514,0.02996,0.1094,0.04802,1374,hiv1_integrase,0.0126787268906314
918,176,V,0.4175,0.3588,0.49,0.1139,1374,hiv1_integrase,0.0936530197784594
919,177,Q,0.1263,0.06256,0.1726,0.06798,1374,hiv1_integrase,0.0205691590136409
920,178,M,0.1118,0.06256,0.1726,0.06015,1374,hiv1_integrase,0.0113226479914951
921,179,A,0.07514,0.02996,0.1094,0.04803,1374,hiv1_integrase,0.0126834806591884
922,180,V,0.1379,0.1094,0.1726,0.06538,1374,hiv1_integrase,0.0358542025780536
923,181,F,2.154,2.032,2.032,0.3897,1374,hiv1_integrase,0.281424824056033
924,182,I,0.496,0.3588,0.49,0.1225,1374,hiv1_integrase,0.0989039722929373
925,183,H,0.1839,0.1094,0.2546,0.07876,1374,hiv1_integrase,0.0330321682803549
926,184,N,0.1332,0.1094,0.1726,0.06316,1374,hiv1_integrase,0.0230114103503806
927,185,F,0.2046,0.1094,0.2546,0.1101,1374,hiv1_integrase,0.0219742151976661
928,186,K,0.1889,0.1094,0.2546,0.08954,1374,hiv1_integrase,0.0252399095381333
929,187,R,0.4264,0.3588,0.49,0.1261,1374,hiv1_integrase,0.0791185043579759
930,188,K,1.776,1.505,2.032,0.2827,1372,hiv1_integrase,0.392870485462664
931,189,G,0.2594,0.1726,0.3588,0.1229,1374,hiv1_integrase,0.0219142266335022
932,190,G,0.2015,0.1094,0.2546,0.1084,1374,hiv1_integrase,0.0164187721884214
933,191,I,0.0737,0.02996,0.1094,0.04711,1374,hiv1_integrase,0.0158734816574136
934,192,G,0.2014,0.1094,0.2546,0.1084,1374,hiv1_integrase,0.0109567795055057
935,193,G,2.89,2.899,2.899,0.09927,1372,hiv1_integrase,0.339628431428308
936,194,Y,0.4646,0.3588,0.49,0.1702,1374,hiv1_integrase,0.0659819979511907
937,195,S,0.599,0.49,0.6555,0.1265,1374,hiv1_integrase,0.11498017886484
938,196,A,0.2599,0.1726,0.3588,0.08944,1374,hiv1_integrase,0.0572504323937532
939,197,G,0.08449,0.02996,0.1094,0.07028,1374,hiv1_integrase,0.0054751806753272
940,198,E,0.4641,0.3588,0.49,0.1373,1373,hiv1_integrase,0.0728098209349635
941,199,R,0.09115,0.06256,0.1094,0.05824,1374,hiv1_integrase,0.0105014637579581
942,200,I,0.4061,0.3588,0.49,0.1108,1374,hiv1_integrase,0.0755700223459953
943,201,V,5.334,5.414,5.414,0.4421,1374,hiv1_integrase,0.916331272794497
944,202,D,0.163,0.1094,0.1726,0.07729,1374,hiv1_integrase,0.024013727427339
945,203,I,0.8026,0.6555,0.8657,0.1562,1374,hiv1_integrase,0.16752704430836
946,204,I,0.348,0.2546,0.3588,0.1029,1374,hiv1_integrase,0.0489315494674382
947,205,A,0.8863,0.8657,0.8657,0.1666,1374,hiv1_integrase,0.174213042796596
948,206,T,2.86,2.899,2.899,0.1794,1374,hiv1_integrase,0.759910467668424
949,207,D,0.6044,0.49,0.6555,0.1492,1374,hiv1_integrase,0.114368364855212
950,208,I,1.826,1.505,2.032,0.2616,1374,hiv1_integrase,0.336208157149369
951,209,Q,0.1263,0.06256,0.1726,0.06798,1374,hiv1_integrase,0.0308418534048655
952,210,T,0.2141,0.1726,0.2546,0.07846,1374,hiv1_integrase,0.0425188418149495
953,211,K,5.414,5.414,5.414,4.425e-05,1373,hiv1_integrase,0.958431160725285
954,212,E,0.7527,0.6555,0.8657,0.1755,1374,hiv1_integrase,0.146754610839105
955,213,L,0.08201,0.02996,0.1094,0.06823,1374,hiv1_integrase,0.0136351924550423
956,214,Q,0.0896,0.06256,0.1094,0.05725,1374,hiv1_integrase,0.0205506285573181
957,215,K,2.115,2.032,2.032,0.3064,1374,hiv1_integrase,0.391084981950179
958,216,Q,1.452,1.505,1.505,0.2233,1374,hiv1_integrase,0.502158630615862
959,217,I,0.2547,0.1726,0.3588,0.08768,1374,hiv1_integrase,0.0394465127218817
960,218,T,5.414,5.414,5.414,7.503e-05,1374,hiv1_integrase,1.35714023415578
961,219,K,1.932,2.032,2.032,0.2469,1373,hiv1_integrase,0.376237217764646
962,220,I,1.587,1.505,1.505,0.2337,1373,hiv1_integrase,0.371516957675301
963,221,Q,0.7522,0.6555,0.8657,0.1664,1374,hiv1_integrase,0.269371911853453
964,222,N,1.364,1.138,1.505,0.2023,1374,hiv1_integrase,0.275018386143624
965,223,F,0.08591,0.02996,0.1094,0.07146,1374,hiv1_integrase,0.00732121819177521
966,224,R,0.1658,0.1094,0.1726,0.07858,1374,hiv1_integrase,0.0254717889798424
967,225,V,0.1064,0.06256,0.1094,0.05731,1374,hiv1_integrase,0.0214909342039751
968,226,Y,0.09019,0.02996,0.1094,0.07501,1374,hiv1_integrase,0.008212410315469
969,227,Y,1.892,1.505,2.032,0.3276,1374,hiv1_integrase,0.317620637132432
970,228,R,0.1284,0.06256,0.1726,0.06912,1374,hiv1_integrase,0.0154173314301264
971,229,D,0.1997,0.1726,0.2546,0.08556,1374,hiv1_integrase,0.0359676661683482
972,230,S,1.442,1.505,1.505,0.1774,1374,hiv1_integrase,0.310474129899542
973,231,R,0.5019,0.3588,0.6555,0.1369,1374,hiv1_integrase,0.0740733141089597
974,232,N,1.238,1.138,1.505,0.2169,1374,hiv1_integrase,0.242443249744742
975,233,P,0.1276,0.06256,0.1726,0.08152,1374,hiv1_integrase,0.0140439841192613
976,234,L,4.447,2.899,5.414,1.224,1374,hiv1_integrase,0.667278077123734
977,235,W,0.05414,0.01006,0.06256,0.07936,1374,hiv1_integrase,1
978,236,K,0.01973,0.001242,0.02996,0.02859,1374,hiv1_integrase,4.00473305311219e-17
979,237,G,0.143,0.06256,0.1726,0.09129,1374,hiv1_integrase,0.0113508011315667
980,238,P,0.1276,0.06256,0.1726,0.08152,1374,hiv1_integrase,0.0141394855069429
981,239,A,0.04431,0.01006,0.06256,0.03698,1374,hiv1_integrase,0.00633640941117682
982,240,K,0.5705,0.49,0.6555,0.1557,1373,hiv1_integrase,0.0885629936749315
983,241,L,0.08201,0.02996,0.1094,0.06823,1374,hiv1_integrase,0.00966271287155674
984,242,L,0.1955,0.1094,0.2546,0.1052,1374,hiv1_integrase,0.0242556833769851
985,243,W,0.1705,0.06256,0.2546,0.1415,1373,hiv1_integrase,0.0119079975529413
986,244,K,0.1882,0.1094,0.2546,0.08921,1374,hiv1_integrase,0.0252246096160807
987,245,G,0.08449,0.02996,0.1094,0.07028,1374,hiv1_integrase,0.00546862116045382
988,246,E,0.2634,0.1726,0.3588,0.1037,1374,hiv1_integrase,0.0463577242956335
989,247,G,0.02709,0.001242,0.02996,0.03943,1374,hiv1_integrase,4.00473305311219e-17
990,248,A,0.1365,0.1094,0.1726,0.06473,1374,hiv1_integrase,0.0253685562744121
991,249,V,0.2301,0.1726,0.2546,0.08433,1374,hiv1_integrase,0.0501833471003163
992,250,V,0.2308,0.1726,0.2546,0.08459,1374,hiv1_integrase,0.0502780600538727
993,251,I,0.6239,0.49,0.6555,0.1382,1374,hiv1_integrase,0.126731664080132
994,252,Q,0.2727,0.1726,0.3588,0.09988,1374,hiv1_integrase,0.0720610440189309
995,253,D,1.248,1.138,1.505,0.2184,1373,hiv1_integrase,0.213793657419403
996,254,N,1.14,1.138,1.138,0.1859,1373,hiv1_integrase,0.26856241032118
997,255,S,1.657,1.505,2.032,0.2508,1374,hiv1_integrase,0.335158541131894
998,256,D,2.899,2.899,2.899,0.02593,1374,hiv1_integrase,0.729897388434164
999,257,I,0.1639,0.1094,0.1726,0.07023,1374,hiv1_integrase,0.0269795289942138
1000,258,K,0.2309,0.1726,0.2546,0.09891,1374,hiv1_integrase,0.0317242152549106
1001,259,V,0.4155,0.3588,0.49,0.1134,1374,hiv1_integrase,0.0933080194111223
1002,260,V,0.5398,0.49,0.6555,0.1294,1374,hiv1_integrase,0.115882112566394
1003,261,P,0.07541,0.02996,0.1094,0.06275,1374,hiv1_integrase,0.00701890014818336
1004,262,R,0.0538,0.02996,0.06256,0.04485,1374,hiv1_integrase,0.00523231491149509
1005,263,R,0.05381,0.02996,0.06256,0.04486,1374,hiv1_integrase,0.00519702992065811
1006,264,K,0.2728,0.1726,0.3588,0.1074,1374,hiv1_integrase,0.0378477786469046
1007,265,A,2.956,2.899,2.899,0.3734,1373,hiv1_integrase,1.31755135340724
1008,266,K,0.1461,0.1094,0.1726,0.07862,1374,hiv1_integrase,0.0189296847452105
1009,267,I,0.164,0.1094,0.1726,0.07025,1374,hiv1_integrase,0.0328124822556558
1010,268,I,0.8414,0.6555,0.8657,0.1609,1374,hiv1_integrase,0.206915613189523
1011,269,R,2.875,2.899,2.899,0.1434,1374,hiv1_integrase,0.614889012607389
1012,270,D,0.9406,0.8657,1.138,0.1868,1374,hiv1_integrase,0.158964920901261
1013,271,Y,0.2148,0.1094,0.2546,0.1156,1374,hiv1_integrase,0.0246432979713355
1014,272,G,0.08452,0.02996,0.1094,0.07031,1374,hiv1_integrase,0.00567154044397872
1015,273,K,0.3157,0.2546,0.3588,0.1157,1374,hiv1_integrase,0.0569314385524701
1016,274,Q,0.0896,0.06256,0.1094,0.05724,1374,hiv1_integrase,0.0205554913562467
1017,275,M,0.4366,0.3588,0.49,0.119,1374,hiv1_integrase,0.049215640113315
1018,276,A,0.0752,0.02996,0.1094,0.04806,1374,hiv1_integrase,0.0126844511560347
1019,277,G,0.2597,0.1726,0.3588,0.123,1374,hiv1_integrase,0.0218975303531364
1020,278,D,1.466,1.505,1.505,0.2193,1374,hiv1_integrase,0.266499838162537
1021,279,D,0.9476,0.8657,1.138,0.1882,1374,hiv1_integrase,0.16990572634811
1022,280,C,0.2956,0.1726,0.3588,0.14,1374,hiv1_integrase,0.0243582989079802
1023,281,V,1.173,1.138,1.138,0.1942,1374,hiv1_integrase,0.272124037908015
1024,282,A,0.106,0.06256,0.1094,0.05706,1374,hiv1_integrase,0.0190265800210573
1025,283,S,2.899,2.899,2.899,0.01924,1374,hiv1_integrase,0.555273476139968
1026,284,R,1.81,1.505,2.032,0.2722,1373,hiv1_integrase,0.27898035601906
1027,285,Q,0.2729,0.1726,0.3588,0.09998,1374,hiv1_integrase,0.0823737239567948
1028,286,D,1.485,1.505,1.505,0.2282,1374,hiv1_integrase,0.250730018479224
1029,287,E,0.2616,0.1726,0.3588,0.103,1373,hiv1_integrase,0.0396841260886423
1030,288,D,1.378,1.138,1.505,0.2208,1374,hiv1_integrase,0.242446818473179
1031,1,P,0.09382,0.06377,0.1245,0.05257,1380,hiv1_protease,0.0182198101630856
1032,2,Q,0.04494,0.02989,0.06377,0.03041,1380,hiv1_protease,0.0182055475036154
1033,3,V,0.1049,0.06377,0.1245,0.04158,1380,hiv1_protease,0.0400970801815739
1034,4,T,0.1655,0.1245,0.2274,0.05463,1380,hiv1_protease,0.0560413739529352
1035,5,L,0.1666,0.1245,0.2274,0.07303,1380,hiv1_protease,0.0387430948841075
1036,6,W,0.1485,0.06377,0.2274,0.1004,1380,hiv1_protease,0.019613514517152
1037,7,Q,0.08623,0.06377,0.1245,0.04205,1380,hiv1_protease,0.0363647088920719
1038,8,R,0.02484,0.01241,0.02989,0.02281,1379,hiv1_protease,0.0101575196139126
1039,9,P,0.005614,1.776e-05,0.004348,0.01283,1380,hiv1_protease,9.55584817623797e-17
1040,10,L,3.283,3.284,3.284,0.04232,1380,hiv1_protease,0.928177550957196
1041,11,V,0.1602,0.1245,0.2274,0.05504,1380,hiv1_protease,0.0586487003935951
1042,12,T,3.272,3.284,3.284,0.1286,1380,hiv1_protease,1.26926461452265
1043,13,I,1.109,1.109,1.109,0.01785,1380,hiv1_protease,0.628233028173604
1044,14,K,1.856,1.856,1.856,0.005747,1379,hiv1_protease,0.803778427558404
1045,15,I,1.852,1.856,1.856,0.06026,1380,hiv1_protease,0.906977924896703
1046,16,G,1.829,1.856,1.856,0.1417,1379,hiv1_protease,0.395937443549308
1047,17,G,0.371,0.3961,0.3961,0.107,1380,hiv1_protease,0.0620834615878685
1048,18,Q,0.5407,0.3961,0.6679,0.1361,1379,hiv1_protease,0.275923924219584
1049,19,L,3.284,3.284,3.284,1.738e-07,1379,hiv1_protease,1.47981927454424
1050,20,K,1.853,1.856,1.856,0.05202,1380,hiv1_protease,0.630974448780485
1051,21,E,0.141,0.1245,0.1245,0.05722,1380,hiv1_protease,0.0350574719946883
1052,22,A,0.03764,0.01241,0.06377,0.02546,1380,hiv1_protease,0.0105572042385589
1053,23,L,0.07018,0.02989,0.1245,0.04747,1380,hiv1_protease,0.0205804687023475
1054,24,L,0.1333,0.06377,0.1245,0.06519,1380,hiv1_protease,0.0624368588769197
1055,25,D,0.1071,0.06377,0.1245,0.04687,1380,hiv1_protease,0.0264037927990107
1056,26,T,0.05134,0.02989,0.06377,0.02877,1380,hiv1_protease,0.0166657674806049
1057,27,G,0.006299,1.776e-05,0.004348,0.0144,1380,hiv1_protease,5.11495607773734e-17
1058,28,A,0.02041,0.004348,0.02989,0.01875,1380,hiv1_protease,0.00527688944051729
1059,29,D,0.1067,0.06377,0.1245,0.04668,1380,hiv1_protease,0.0263569208755359
1060,30,D,0.1904,0.1245,0.2274,0.06135,1380,hiv1_protease,0.0528168337450753
1061,31,T,0.003075,1.776e-05,0.004348,0.007014,1380,hiv1_protease,4.00473305311219e-17
1062,32,V,0.1087,0.06377,0.1245,0.04318,1380,hiv1_protease,0.0456781964082144
1063,33,L,1.036,1.109,1.109,0.1648,1380,hiv1_protease,0.442852553187999
1064,34,E,0.1645,0.1245,0.2274,0.06164,1380,hiv1_protease,0.0467973947215179
1065,35,E,3.22,3.284,3.284,0.2963,1380,hiv1_protease,0.960396566656133
1066,36,M,1.729,1.856,1.856,0.2812,1380,hiv1_protease,0.573900985227617
1067,37,S,3.284,3.284,3.284,4.215e-08,1380,hiv1_protease,1.54300875531196
1068,38,L,0.03803,0.01241,0.06377,0.03493,1380,hiv1_protease,0.0115052009696511
1069,39,P,1.224,1.109,1.109,0.2698,1380,hiv1_protease,0.309708419653284
1070,40,G,0.1384,0.1245,0.2274,0.06766,1380,hiv1_protease,0.0230924436396268
1071,41,R,1.857,1.856,1.856,0.01084,1380,hiv1_protease,0.781363782161493
1072,42,W,0.2845,0.2274,0.3961,0.139,1378,hiv1_protease,0.0687197566543789
1073,43,K,0.8965,0.6679,1.109,0.2205,1380,hiv1_protease,0.219843996472189
1074,44,P,0.005614,1.776e-05,0.004348,0.01283,1380,hiv1_protease,6.74063979236702e-18
1075,45,K,0.7783,0.6679,1.109,0.1917,1380,hiv1_protease,0.312935936533165
1076,46,M,0.5286,0.3961,0.6679,0.1361,1377,hiv1_protease,0.115661718621003
1077,47,I,0.156,0.1245,0.2274,0.05383,1380,hiv1_protease,0.0439431421711269
1078,48,G,0.1389,0.1245,0.2274,0.06788,1380,hiv1_protease,0.033795473041862
1079,49,G,0.07231,0.02989,0.1245,0.0489,1380,hiv1_protease,0.0115608715300997
1080,50,I,0.02001,0.004348,0.02989,0.01838,1380,hiv1_protease,0.00662392925947426
1081,51,G,0.1054,0.06377,0.1245,0.05906,1380,hiv1_protease,0.0173286455728602
1082,52,G,0.006299,1.776e-05,0.004348,0.0144,1380,hiv1_protease,9.55584817623797e-17
1083,53,F,0.2758,0.2274,0.3961,0.0974,1380,hiv1_protease,0.0520356369954308
1084,54,I,0.1582,0.1245,0.2274,0.05449,1380,hiv1_protease,0.0733076258754685
1085,55,K,0.4041,0.3961,0.3961,0.08811,1379,hiv1_protease,0.111613418286568
1086,56,V,0.02051,0.004348,0.02989,0.01884,1380,hiv1_protease,0.0064916648314972
1087,57,R,1.68,1.856,1.856,0.3171,1380,hiv1_protease,0.566320366810298
1088,58,Q,0.08621,0.06377,0.1245,0.04204,1380,hiv1_protease,0.0547089654156261
1089,59,Y,0.1834,0.1245,0.2274,0.08044,1380,hiv1_protease,0.0357459125944871
1090,60,D,1.208,1.109,1.109,0.2537,1380,hiv1_protease,0.495056729453971
1091,61,Q,1.115,1.109,1.109,0.06836,1380,hiv1_protease,0.792182740682647
1092,62,I,1.221,1.109,1.109,0.2673,1380,hiv1_protease,0.683518617214309
1093,63,L,8.223,8.223,8.223,0,1380,hiv1_protease,3.45390645726001
1094,64,I,1.442,1.109,1.856,0.3715,1380,hiv1_protease,0.468270526596767
1095,65,E,0.6787,0.6679,0.6679,0.08369,1380,hiv1_protease,0.205586383549702
1096,66,I,0.1052,0.06377,0.1245,0.04171,1380,hiv1_protease,0.0397642834654469
1097,67,C,1.785,1.856,1.856,0.2199,1380,hiv1_protease,0.33057791645072
1098,68,G,0.238,0.2274,0.2274,0.08945,1380,hiv1_protease,0.0402936666664601
1099,69,H,1.12,1.109,1.109,0.08939,1378,hiv1_protease,0.353235942260825
1100,70,K,1.111,1.109,1.109,0.04978,1380,hiv1_protease,0.428923876078516
1101,71,A,1.053,1.109,1.109,0.1468,1380,hiv1_protease,0.404633818273406
1102,72,I,1.856,1.856,1.856,0.004104,1380,hiv1_protease,0.677395527026605
1103,73,G,0.2393,0.2274,0.2274,0.08993,1380,hiv1_protease,0.03896544435321
1104,74,T,0.5056,0.3961,0.6679,0.1335,1380,hiv1_protease,0.232694632290134
1105,75,V,0.1413,0.1245,0.1245,0.05076,1380,hiv1_protease,0.0585427159640855
1106,76,L,0.1023,0.06377,0.1245,0.05735,1380,hiv1_protease,0.0375932850231524
1107,77,V,1.096,1.109,1.109,0.07351,1380,hiv1_protease,0.605608889014669
1108,78,G,0.1054,0.06377,0.1245,0.05904,1380,hiv1_protease,0.0172547835557177
1109,79,P,0.271,0.2274,0.3961,0.09147,1380,hiv1_protease,0.0609585087473302
1110,80,T,0.003077,1.776e-05,0.004348,0.007017,1379,hiv1_protease,9.55584817623797e-17
1111,81,P,0.005616,1.776e-05,0.004348,0.01283,1379,hiv1_protease,9.55584817623797e-17
1112,82,V,0.759,0.6679,0.6679,0.1787,1379,hiv1_protease,0.351965958008358
1113,83,N,0.03669,0.01241,0.06377,0.02481,1379,hiv1_protease,0.0110958887795919
1114,84,I,0.1383,0.1245,0.1245,0.04946,1379,hiv1_protease,0.0551507775496619
1115,85,I,0.1742,0.1245,0.2274,0.05612,1379,hiv1_protease,0.066541251204708
1116,86,G,0.07229,0.02989,0.1245,0.04889,1379,hiv1_protease,0.0115459257156744
1117,87,R,0.1088,0.06377,0.1245,0.04768,1379,hiv1_protease,0.0352143695276465
1118,88,N,0.1728,0.1245,0.2274,0.05589,1379,hiv1_protease,0.0611547429174046
1119,89,L,1.107,1.109,1.109,0.04558,1379,hiv1_protease,0.408961852563026
1120,90,L,0.3455,0.2274,0.3961,0.09976,1379,hiv1_protease,0.18688161654096
1121,91,T,0.05139,0.02989,0.06377,0.0288,1379,hiv1_protease,0.0278147322357314
1122,92,Q,0.2485,0.2274,0.2274,0.07301,1379,hiv1_protease,0.109697256257996
1123,93,I,1.177,1.109,1.109,0.2144,1379,hiv1_protease,0.626593870391421
1124,94,G,0.1392,0.1245,0.2274,0.06801,1379,hiv1_protease,0.0280881317792277
1125,95,C,0.1204,0.06377,0.1245,0.06745,1379,hiv1_protease,0.0185659556489379
1126,96,T,0.03521,0.01241,0.06377,0.0238,1379,hiv1_protease,0.0111243718088615
1127,97,L,0.1023,0.06377,0.1245,0.05733,1379,hiv1_protease,0.0369655556392819
1128,98,N,0.07037,0.06377,0.06377,0.03452,1379,hiv1_protease,0.0222182496361063
1129,99,F,0.1742,0.1245,0.2274,0.07637,1379,hiv1_protease,0.0324672475794867
